Date,State,Persons,Cost Per Person,Population,Percentage
10/1/19,Alabama,718792.0,120.07,4903185.0,14.659695687598978
11/1/19,Alabama,716466.0,119.89,4903185.0,14.612257134903128
12/1/19,Alabama,711384.0,119.58,4903185.0,14.508610219683737
1/1/20,Alabama,705542.0,117.06,5031362.0,14.022882869489415
2/1/20,Alabama,704788.0,118.49,5031362.0,14.00789686768712
3/1/20,Alabama,706626.0,176.29,5031362.0,14.044427731496958
4/1/20,Alabama,739950.0,174.7,5031362.0,14.706753360223335
5/1/20,Alabama,755038.0,178.92,5031362.0,15.006632398940884
6/1/20,Alabama,755694.0,176.95,5031362.0,15.01967061801556
7/1/20,Alabama,746774.0,176.36,5031362.0,14.842382639134295
8/1/20,Alabama,751129.0,190.45,5031362.0,14.928939718509621
9/1/20,Alabama,756314.0,183.42,5031362.0,15.031993325067845
10/1/19,Arizona,795313.0,122.15,7278717.0,10.926554776068365
11/1/19,Arizona,784993.0,121.41,7278717.0,10.784771546963565
12/1/19,Arizona,776402.0,121.32,7278717.0,10.666742504207816
1/1/20,Arizona,782194.0,120.79,7179943.0,10.89415333798611
2/1/20,Arizona,782903.0,120.73,7179943.0,10.9040280681894
3/1/20,Arizona,790961.0,121.26,7179943.0,11.016257371402531
4/1/20,Arizona,843738.0,168.45,7179943.0,11.75131891715575
5/1/20,Arizona,879292.0,171.62,7179943.0,12.24650390678589
6/1/20,Arizona,890285.0,169.42,7179943.0,12.399610971841977
7/1/20,Arizona,898875.0,170.68,7179943.0,12.519249804629368
8/1/20,Arizona,915512.0,169.8,7179943.0,12.750964736071024
9/1/20,Arizona,860912.0,168.28,7179943.0,11.990513016607514
10/1/19,Arkansas,350447.0,110.16,3017804.0,11.612649462986994
11/1/19,Arkansas,348052.0,110.38,3017804.0,11.533287118712812
12/1/19,Arkansas,348050.0,109.34,3017804.0,11.533220845356425
1/1/20,Arkansas,343435.0,108.33,3014195.0,11.393921096677554
2/1/20,Arkansas,339463.0,109.89,3014195.0,11.262144619044221
3/1/20,Arkansas,337151.0,168.11,3014195.0,11.185440888860873
4/1/20,Arkansas,381027.0,170.38,3014195.0,12.64108659194246
5/1/20,Arkansas,387379.0,180.46,3014195.0,12.851822791823356
6/1/20,Arkansas,405518.0,171.35,3014195.0,13.453608674953013
7/1/20,Arkansas,424460.0,167.11,3014195.0,14.082035170252755
8/1/20,Arkansas,398219.0,175.63,3014195.0,13.211454467942518
9/1/20,Arkansas,391984.0,177.2,3014195.0,13.004599901466229
10/1/19,California,4040645.0,125.37,39512223.0,10.226316550197643
11/1/19,California,4042531.0,123.1,39512223.0,10.231089756706425
12/1/19,California,4059554.0,122.46,39512223.0,10.274172627543633
1/1/20,California,4043672.0,121.26,39501653.0,10.236715916673159
2/1/20,California,4031055.0,122.37,39501653.0,10.204775481167838
3/1/20,California,4041711.0,123.22,39501653.0,10.231751567459721
4/1/20,California,4451007.0,171.61,39501653.0,11.267900611652884
5/1/20,California,4637893.0,177.46,39501653.0,11.741009926850403
6/1/20,California,4775267.0,176.48,39501653.0,12.088777651912439
7/1/20,California,4564117.0,177.91,39501653.0,11.554243059144891
8/1/20,California,4519289.0,176.62,39501653.0,11.44075920063396
9/1/20,California,4537280.0,175.39,39501653.0,11.486304130108175
10/1/19,Colorado,439390.0,120.63,5758736.0,7.629972966289825
11/1/19,Colorado,435937.0,120.71,5758736.0,7.570011891498413
12/1/19,Colorado,437241.0,121.82,5758736.0,7.59265574945613
1/1/20,Colorado,434142.0,120.44,5784865.0,7.504790518015546
2/1/20,Colorado,431397.0,121.95,5784865.0,7.457339108172792
3/1/20,Colorado,439355.0,121.72,5784865.0,7.594904980496519
4/1/20,Colorado,507074.0,223.08,5784865.0,8.765528668344032
5/1/20,Colorado,524084.0,178.19,5784865.0,9.059571830976177
6/1/20,Colorado,539331.0,173.86,5784865.0,9.323138915082719
7/1/20,Colorado,551936.0,168.72,5784865.0,9.54103509762112
8/1/20,Colorado,534175.0,192.33,5784865.0,9.234009782423618
9/1/20,Colorado,523098.0,190.37,5784865.0,9.042527353706612
10/1/19,Connecticut,364659.0,134.04,3565287.0,10.228040547647357
11/1/19,Connecticut,363535.0,133.62,3565287.0,10.196514333909164
12/1/19,Connecticut,360523.0,133.28,3565287.0,10.112033056525323
1/1/20,Connecticut,360832.0,131.2,3597362.0,10.030461210186797
2/1/20,Connecticut,360031.0,133.01,3597362.0,10.00819489392505
3/1/20,Connecticut,360128.0,132.77,3597362.0,10.010891314246384
4/1/20,Connecticut,379936.0,218.53,3597362.0,10.561517022751673
5/1/20,Connecticut,387217.0,177.71,3597362.0,10.763915335737687
6/1/20,Connecticut,387097.0,177.54,3597362.0,10.760579558020572
7/1/20,Connecticut,386966.0,176.8,3597362.0,10.756938000679387
8/1/20,Connecticut,380909.0,177.69,3597362.0,10.588564620407954
9/1/20,Connecticut,375825.0,203.66,3597362.0,10.447238837792804
10/1/19,Florida,2779312.0,120.49,21477737.0,12.940432225238627
11/1/19,Florida,2765924.0,119.86,21477737.0,12.878097911339543
12/1/19,Florida,2731271.0,119.58,21477737.0,12.716754097510366
1/1/20,Florida,2683906.0,118.04,21589602.0,12.431475114733471
2/1/20,Florida,2634689.0,119.07,21589602.0,12.203508892845733
3/1/20,Florida,2634892.0,181.92,21589602.0,12.204449160294848
4/1/20,Florida,3123525.0,180.93,21589602.0,14.467728492632704
5/1/20,Florida,3527762.0,181.69,21589602.0,16.34009742282419
6/1/20,Florida,3731605.0,177.97,21589602.0,17.284269529378076
7/1/20,Florida,3793271.0,176.99,21589602.0,17.569897768379427
8/1/20,Florida,3834528.0,176.25,21589602.0,17.76099438979931
9/1/20,Florida,3886747.0,176.83,21589602.0,18.002865453471536
10/1/19,Georgia,1370779.0,125.74,10617423.0,12.910656380554867
11/1/19,Georgia,1369503.0,124.36,10617423.0,12.898638398413626
12/1/19,Georgia,1348944.0,123.37,10617423.0,12.7050038413276
1/1/20,Georgia,1339728.0,121.63,10729828.0,12.48601561926249
2/1/20,Georgia,1342625.0,121.41,10729828.0,12.513015120093257
3/1/20,Georgia,1408652.0,175.0,10729828.0,13.128374471613153
4/1/20,Georgia,1613967.0,159.65,10729828.0,15.041872059831714
5/1/20,Georgia,1721474.0,170.34,10729828.0,16.043817291386215
6/1/20,Georgia,1754892.0,171.96,10729828.0,16.355266831863474
7/1/20,Georgia,1806766.0,171.39,10729828.0,16.838722857440025
8/1/20,Georgia,1839348.0,184.3,10729828.0,17.142381033507714
9/1/20,Georgia,1874541.0,172.47,10729828.0,17.470373243634473
10/1/19,Illinois,1778953.0,125.16,12671821.0,14.038653165949865
11/1/19,Illinois,1783674.0,124.42,12671821.0,14.075909058374483
12/1/19,Illinois,1779366.0,123.51,12671821.0,14.041912366028528
1/1/20,Illinois,1775744.0,123.6,12786580.0,13.887560238938013
2/1/20,Illinois,1748374.0,125.09,12786580.0,13.673507693222112
3/1/20,Illinois,1752080.0,124.57,12786580.0,13.702491205623396
4/1/20,Illinois,1862352.0,179.57,12786580.0,14.564895382502593
5/1/20,Illinois,1956549.0,174.6,12786580.0,15.301581814683832
6/1/20,Illinois,1971319.0,175.41,12786580.0,15.417093546515174
7/1/20,Illinois,2032767.0,169.3,12786580.0,15.897659890291227
8/1/20,Illinois,1948042.0,176.12,12786580.0,15.235051123912728
9/1/20,Illinois,2001532.0,175.78,12786580.0,15.653380340951218
10/1/19,Indiana,576112.0,118.97,6732219.0,8.557535041566533
11/1/19,Indiana,570688.0,117.79,6732219.0,8.476967252550756
12/1/19,Indiana,567698.0,118.23,6732219.0,8.432553961776941
1/1/20,Indiana,556423.0,119.74,6788799.0,8.196191992132924
2/1/20,Indiana,566149.0,118.95,6788799.0,8.339457391506215
3/1/20,Indiana,568655.0,119.48,6788799.0,8.376371137221767
4/1/20,Indiana,631055.0,174.65,6788799.0,9.295532243626598
5/1/20,Indiana,664068.0,178.46,6788799.0,9.781818551410934
6/1/20,Indiana,673433.0,174.24,6788799.0,9.919766368101339
7/1/20,Indiana,559381.0,202.4,6788799.0,8.239763763811538
8/1/20,Indiana,637154.0,175.03,6788799.0,9.385371403690108
9/1/20,Indiana,646193.0,178.96,6788799.0,9.518517192805383
10/1/19,Kentucky,504584.0,115.98,4467673.0,11.294112169802938
11/1/19,Kentucky,497548.0,115.02,4467673.0,11.136625263308215
12/1/19,Kentucky,491172.0,114.79,4467673.0,10.993911147928687
1/1/20,Kentucky,484952.0,113.92,4507445.0,10.758911090429278
2/1/20,Kentucky,482283.0,114.05,4507445.0,10.69969794417902
3/1/20,Kentucky,510411.0,117.65,4507445.0,11.32373218086965
4/1/20,Kentucky,592538.0,178.48,4507445.0,13.145762177907883
5/1/20,Kentucky,623796.0,177.61,4507445.0,13.839237084423658
6/1/20,Kentucky,653279.0,167.66,4507445.0,14.4933326973485
7/1/20,Kentucky,602156.0,184.12,4507445.0,13.359142485376971
8/1/20,Kentucky,606216.0,178.12,4507445.0,13.449215686492014
9/1/20,Kentucky,616169.0,179.23,4507445.0,13.670028142328968
10/1/19,Louisiana,804561.0,126.52,4648794.0,17.306875718734794
11/1/19,Louisiana,795739.0,127.04,4648794.0,17.117106070950875
12/1/19,Louisiana,790742.0,126.8,4648794.0,17.009615827244655
1/1/20,Louisiana,778279.0,123.97,4651664.0,16.731195546367925
2/1/20,Louisiana,781763.0,125.53,4651664.0,16.806093475367096
3/1/20,Louisiana,774468.0,146.99,4651664.0,16.649267874893802
4/1/20,Louisiana,812957.0,202.94,4651664.0,17.476692211647276
5/1/20,Louisiana,845228.0,181.86,4651664.0,18.170443952959626
6/1/20,Louisiana,852164.0,175.49,4651664.0,18.319551885088863
7/1/20,Louisiana,861262.0,174.26,4651664.0,18.515137808749728
8/1/20,Louisiana,858903.0,175.07,4651664.0,18.464424773586398
9/1/20,Louisiana,1012935.0,193.56,4651664.0,21.775755944539416
10/1/19,Maine,156450.0,112.39,1344212.0,11.638789119573401
11/1/19,Maine,155073.0,111.95,1344212.0,11.536349920994606
12/1/19,Maine,155325.0,111.64,1344212.0,11.55509696387177
1/1/20,Maine,154069.0,110.08,1363557.0,11.299050938097931
2/1/20,Maine,154047.0,110.99,1363557.0,11.297437510863134
3/1/20,Maine,153770.0,111.26,1363557.0,11.277122995224989
4/1/20,Maine,173241.0,176.57,1363557.0,12.705079435623153
5/1/20,Maine,168712.0,174.68,1363557.0,12.372933438059428
6/1/20,Maine,168393.0,172.86,1363557.0,12.349538743154852
7/1/20,Maine,161589.0,175.55,1363557.0,11.850549701992657
8/1/20,Maine,161975.0,174.97,1363557.0,11.87885801620321
9/1/20,Maine,157300.0,176.1,1363557.0,11.53600472880855
10/1/19,Maryland,612751.0,117.5,6045680.0,10.13535284699157
11/1/19,Maryland,610581.0,117.57,6045680.0,10.099459448730332
12/1/19,Maryland,604287.0,108.44,6045680.0,9.995352053036218
1/1/20,Maryland,598415.0,114.61,6173205.0,9.69374903311975
2/1/20,Maryland,591474.0,116.34,6173205.0,9.581311490546645
3/1/20,Maryland,594828.0,114.82,6173205.0,9.635643073573613
4/1/20,Maryland,689530.0,174.31,6173205.0,11.16972464060403
5/1/20,Maryland,781868.0,187.99,6173205.0,12.66551167505372
6/1/20,Maryland,844933.0,183.27,6173205.0,13.687104186561113
7/1/20,Maryland,854133.0,175.01,6173205.0,13.836135362425193
8/1/20,Maryland,833691.0,174.04,6173205.0,13.504994569271553
9/1/20,Maryland,795255.0,175.11,6173205.0,12.882368234976807
10/1/19,Massachusetts,764525.0,125.59,6892503.0,11.092124297950976
11/1/19,Massachusetts,762699.0,125.23,6892503.0,11.065631745100438
12/1/19,Massachusetts,760469.0,124.89,6892503.0,11.033277751203011
1/1/20,Massachusetts,763475.0,124.27,6995729.0,10.913444474478643
2/1/20,Massachusetts,761339.0,123.8,6995729.0,10.882911559324269
3/1/20,Massachusetts,786814.0,140.88,6995729.0,11.247062314735176
4/1/20,Massachusetts,881787.0,158.92,6995729.0,12.604647778666097
5/1/20,Massachusetts,914328.0,175.14,6995729.0,13.069803018384501
6/1/20,Massachusetts,863321.0,175.0,6995729.0,12.340686724714466
7/1/20,Massachusetts,850765.0,167.28,6995729.0,12.161205787130976
8/1/20,Massachusetts,868410.0,165.62,6995729.0,12.413431109181044
9/1/20,Massachusetts,877118.0,168.86,6995729.0,12.537907057291669
10/1/19,Michigan,1143900.0,119.13,9986857.0,11.454054063255336
11/1/19,Michigan,1138222.0,117.94,9986857.0,11.397199339091369
12/1/19,Michigan,1149965.0,118.13,9986857.0,11.51478388045408
1/1/20,Michigan,1171772.0,116.2,10069577.0,11.636754950083802
2/1/20,Michigan,1175901.0,118.37,10069577.0,11.677759651671565
3/1/20,Michigan,1247923.0,166.22,10069577.0,12.39300320162406
4/1/20,Michigan,1498658.0,167.61,10069577.0,14.88302835362399
5/1/20,Michigan,1528379.0,185.11,10069577.0,15.178184744006625
6/1/20,Michigan,1344470.0,174.8,10069577.0,13.35180216606914
7/1/20,Michigan,1234935.0,176.81,10069577.0,12.264020623706438
8/1/20,Michigan,1195967.0,170.69,10069577.0,11.877033166338565
9/1/20,Michigan,1223611.0,176.64,10069577.0,12.151563069630432
10/1/19,Minnesota,398706.0,104.42,5639632.0,7.069716605622495
11/1/19,Minnesota,393885.0,104.28,5639632.0,6.98423230451916
12/1/19,Minnesota,392140.0,104.15,5639632.0,6.953290569313743
1/1/20,Minnesota,391756.0,102.47,5709852.0,6.861053491403981
2/1/20,Minnesota,391164.0,102.37,5709852.0,6.850685446838202
3/1/20,Minnesota,391236.0,175.23,5709852.0,6.851946425231336
4/1/20,Minnesota,417889.0,193.24,5709852.0,7.31873610734569
5/1/20,Minnesota,426725.0,345.45,5709852.0,7.4734861779254524
6/1/20,Minnesota,428107.0,299.9,5709852.0,7.497689957638132
7/1/20,Minnesota,417449.0,276.3,5709852.0,7.3110301282765295
8/1/20,Minnesota,427558.0,264.13,5709852.0,7.488074997390476
9/1/20,Minnesota,434679.0,234.66,5709852.0,7.612789263189308
10/1/19,Missouri,678388.0,123.19,6137428.0,11.053294637427925
11/1/19,Missouri,673160.0,122.01,6137428.0,10.96811237541198
12/1/19,Missouri,663517.0,120.19,6137428.0,10.810994442623196
1/1/20,Missouri,658410.0,122.18,6153998.0,10.698898504679397
2/1/20,Missouri,657317.0,121.75,6153998.0,10.681137692927427
3/1/20,Missouri,660628.0,172.6,6153998.0,10.734940115352654
4/1/20,Missouri,752315.0,180.7,6153998.0,12.224817102637992
5/1/20,Missouri,766227.0,175.46,6153998.0,12.450881524498383
6/1/20,Missouri,773079.0,172.67,6153998.0,12.5622237771283
7/1/20,Missouri,777885.0,174.16,6153998.0,12.640319350120036
8/1/20,Missouri,771906.0,169.24,6153998.0,12.543162997453038
9/1/20,Missouri,752531.0,179.45,6153998.0,12.22832701603088
10/1/19,Nevada,419832.0,115.4,3080156.0,13.630218729181248
11/1/19,Nevada,416996.0,114.48,3080156.0,13.538145470554088
12/1/19,Nevada,414564.0,115.26,3080156.0,13.459188430715846
1/1/20,Nevada,414058.0,112.78,3115648.0,13.289627069553427
2/1/20,Nevada,412342.0,114.38,3115648.0,13.234550244443533
3/1/20,Nevada,426527.0,183.23,3115648.0,13.68983274105419
4/1/20,Nevada,497313.0,159.75,3115648.0,15.961783872889363
5/1/20,Nevada,511818.0,170.97,3115648.0,16.42733710611725
6/1/20,Nevada,465469.0,170.07,3115648.0,14.939717195267244
7/1/20,Nevada,465536.0,159.97,3115648.0,14.941867630746478
8/1/20,Nevada,468945.0,192.01,3115648.0,15.051283071771907
9/1/20,Nevada,470857.0,170.27,3115648.0,15.11265072305986
10/1/19,New Hampshire,73416.0,101.58,1359711.0,5.399382662933521
11/1/19,New Hampshire,71426.0,103.04,1359711.0,5.253028033162929
12/1/19,New Hampshire,72461.0,100.78,1359711.0,5.329147149651654
1/1/20,New Hampshire,72283.0,99.85,1378587.0,5.24326720040157
2/1/20,New Hampshire,71925.0,100.02,1378587.0,5.217298581808765
3/1/20,New Hampshire,72006.0,99.8,1378587.0,5.223174163110489
4/1/20,New Hampshire,77279.0,167.03,1378587.0,5.605667252048656
5/1/20,New Hampshire,77892.0,170.65,1378587.0,5.650133071035778
6/1/20,New Hampshire,72205.0,164.05,1378587.0,5.237609233222132
7/1/20,New Hampshire,69801.0,162.41,1378587.0,5.063227783230221
8/1/20,New Hampshire,69573.0,167.01,1378587.0,5.046689109936478
9/1/20,New Hampshire,69787.0,173.88,1378587.0,5.062212250659552
10/1/19,New Mexico,449792.0,119.31,2096829.0,21.45105776389014
11/1/19,New Mexico,447512.0,118.52,2096829.0,21.342322144533483
12/1/19,New Mexico,446408.0,118.9,2096829.0,21.289671213055524
1/1/20,New Mexico,445908.0,117.34,2118390.0,21.049381841870478
2/1/20,New Mexico,445238.0,118.24,2118390.0,21.017754049065566
3/1/20,New Mexico,447420.0,118.06,2118390.0,21.120756801155594
4/1/20,New Mexico,481136.0,223.68,2118390.0,22.71234286415627
5/1/20,New Mexico,489749.0,179.33,2118390.0,23.118925221512566
6/1/20,New Mexico,493796.0,273.79,2118390.0,23.309966531186422
7/1/20,New Mexico,492781.0,172.84,2118390.0,23.26205278537002
8/1/20,New Mexico,493689.0,172.65,2118390.0,23.304915525469813
9/1/20,New Mexico,491512.0,173.21,2118390.0,23.202148801684295
10/1/19,New York,2576099.0,138.92,19453561.0,13.242300471363572
11/1/19,New York,2573483.0,137.89,19453561.0,13.228853061914988
12/1/19,New York,2570821.0,137.61,19453561.0,13.215169191902707
1/1/20,New York,2570601.0,135.87,20108296.0,12.783783369809157
2/1/20,New York,2560098.0,138.17,20108296.0,12.731551196580753
3/1/20,New York,2561187.0,137.06,20108296.0,12.73696687178267
4/1/20,New York,2683002.0,212.76,20108296.0,13.342761614410293
5/1/20,New York,2735982.0,178.29,20108296.0,13.606234958944308
6/1/20,New York,2774025.0,174.36,20108296.0,13.795425529841015
7/1/20,New York,2750252.0,178.16,20108296.0,13.677200693683842
8/1/20,New York,2756187.0,175.8,20108296.0,13.706715874880695
9/1/20,New York,2789533.0,172.64,20108296.0,13.872547927482268
10/1/19,North Carolina,1246272.0,115.68,10488084.0,11.882742357898737
11/1/19,North Carolina,1240853.0,114.81,10488084.0,11.831074198109016
12/1/19,North Carolina,1226872.0,114.75,10488084.0,11.69777053654414
1/1/20,North Carolina,1216760.0,113.4,10449445.0,11.644254790565432
2/1/20,North Carolina,1212763.0,113.2,10449445.0,11.606003955233986
3/1/20,North Carolina,1206166.0,113.75,10449445.0,11.542871415658917
4/1/20,North Carolina,1313052.0,230.14,10449445.0,12.56575827711424
5/1/20,North Carolina,1372211.0,178.15,10449445.0,13.131903177632879
6/1/20,North Carolina,1400796.0,149.47,10449445.0,13.405458376019014
7/1/20,North Carolina,1425991.0,195.55,10449445.0,13.646571660025963
8/1/20,North Carolina,1459026.0,176.78,10449445.0,13.962712852213683
9/1/20,North Carolina,1490031.0,173.72,10449445.0,14.259427175318882
10/1/19,Ohio,1380490.0,122.97,11689100.0,11.810062365793774
11/1/19,Ohio,1374527.0,122.83,11689100.0,11.759049028582183
12/1/19,Ohio,1373772.0,120.95,11689100.0,11.752590019762001
1/1/20,Ohio,1377403.0,120.07,11797517.0,11.675363553195133
2/1/20,Ohio,1365936.0,122.18,11797517.0,11.578165134239688
3/1/20,Ohio,1374108.0,180.52,11797517.0,11.647433947329764
4/1/20,Ohio,1382485.0,254.05,11797517.0,11.718440414199021
5/1/20,Ohio,1390914.0,203.22,11797517.0,11.789887651783
6/1/20,Ohio,1403021.0,250.61,11797517.0,11.892510941073448
7/1/20,Ohio,1538558.0,225.14,11797517.0,13.04137133262872
8/1/20,Ohio,1399895.0,193.83,11797517.0,11.866013840030915
9/1/20,Ohio,1401212.0,293.79,11797517.0,11.877177206017164
10/1/19,Oklahoma,579618.0,119.73,3956971.0,14.648022439386086
11/1/19,Oklahoma,578555.0,119.52,3956971.0,14.621158456809514
12/1/19,Oklahoma,574039.0,119.48,3956971.0,14.507030756606506
1/1/20,Oklahoma,573669.0,116.97,3964912.0,14.468643944682757
2/1/20,Oklahoma,572497.0,118.59,3964912.0,14.439084650554666
3/1/20,Oklahoma,569566.0,117.68,3964912.0,14.365161193993714
4/1/20,Oklahoma,612779.0,208.58,3964912.0,15.455046669383835
5/1/20,Oklahoma,610419.0,165.3,3964912.0,15.395524541276073
6/1/20,Oklahoma,612074.0,165.28,3964912.0,15.437265694673677
7/1/20,Oklahoma,625399.0,171.97,3964912.0,15.773338727316016
8/1/20,Oklahoma,625551.0,230.03,3964912.0,15.777172355906007
9/1/20,Oklahoma,626298.0,105.04,3964912.0,15.796012622726558
10/1/19,Oregon,584077.0,116.92,4217737.0,13.84811333660681
11/1/19,Oregon,581564.0,124.42,4217737.0,13.788531622526486
12/1/19,Oregon,581511.0,124.45,4217737.0,13.787275024497733
1/1/20,Oregon,581867.0,123.71,4244795.0,13.707776229476334
2/1/20,Oregon,581288.0,124.84,4244795.0,13.694135994788912
3/1/20,Oregon,601101.0,121.53,4244795.0,14.16089587365232
4/1/20,Oregon,665156.0,178.29,4244795.0,15.669920455522588
5/1/20,Oregon,681125.0,179.6,4244795.0,16.046122368689183
6/1/20,Oregon,692588.0,179.04,4244795.0,16.316170745583708
7/1/20,Oregon,702882.0,179.0,4244795.0,16.55867951220259
8/1/20,Oregon,701881.0,178.36,4244795.0,16.535097690230035
9/1/20,Oregon,670776.0,184.86,4244795.0,15.802317897566315
10/1/19,Pennsylvania,1744319.0,120.1,12801989.0,13.625374931973461
11/1/19,Pennsylvania,1741549.0,115.05,12801989.0,13.603737669201246
12/1/19,Pennsylvania,1725850.0,118.53,12801989.0,13.481108287157568
1/1/20,Pennsylvania,1725978.0,119.01,12994440.0,13.282434641277346
2/1/20,Pennsylvania,1728680.0,117.2,12994440.0,13.303228149885642
3/1/20,Pennsylvania,1732446.0,117.63,12994440.0,13.332209775873375
4/1/20,Pennsylvania,1843929.0,221.27,12994440.0,14.190138243741169
5/1/20,Pennsylvania,1899944.0,171.27,12994440.0,14.62120722401273
6/1/20,Pennsylvania,1891660.0,177.16,12994440.0,14.557456881558576
7/1/20,Pennsylvania,1821999.0,174.31,12994440.0,14.021373756775976
8/1/20,Pennsylvania,1826611.0,173.24,12994440.0,14.05686585955224
9/1/20,Pennsylvania,1852391.0,172.94,12994440.0,14.255258402824591
10/1/19,Rhode Island,147597.0,134.73,1059361.0,13.93264430161201
11/1/19,Rhode Island,148519.0,132.19,1059361.0,14.019677900168121
12/1/19,Rhode Island,147010.0,132.9,1059361.0,13.877233539841471
1/1/20,Rhode Island,145831.0,131.34,1096345.0,13.30156109618779
2/1/20,Rhode Island,145910.0,132.32,1096345.0,13.308766857148068
3/1/20,Rhode Island,145411.0,179.95,1096345.0,13.263251987285024
4/1/20,Rhode Island,150824.0,177.11,1096345.0,13.756983431310399
5/1/20,Rhode Island,151110.0,177.74,1096345.0,13.7830701102299
6/1/20,Rhode Island,147785.0,177.23,1096345.0,13.479789664749692
7/1/20,Rhode Island,144274.0,178.05,1096345.0,13.1595437567554
8/1/20,Rhode Island,142035.0,179.22,1096345.0,12.955319721438052
9/1/20,Rhode Island,137892.0,176.93,1096345.0,12.577427725761508
10/1/19,South Carolina,585252.0,119.57,5148714.0,11.366954932824003
11/1/19,South Carolina,581080.0,119.62,5148714.0,11.285924990201437
12/1/19,South Carolina,575587.0,119.12,5148714.0,11.179238155391813
1/1/20,South Carolina,571309.0,117.41,5131848.0,11.132617333950655
2/1/20,South Carolina,567732.0,118.84,5131848.0,11.062915347453783
3/1/20,South Carolina,568652.0,171.31,5131848.0,11.080842612641684
4/1/20,South Carolina,592738.0,178.17,5131848.0,11.55018620972406
5/1/20,South Carolina,624819.0,180.45,5131848.0,12.17532163852086
6/1/20,South Carolina,638952.0,172.97,5131848.0,12.450719506891085
7/1/20,South Carolina,615572.0,190.61,5131848.0,11.995133137224641
8/1/20,South Carolina,617334.0,174.2,5131848.0,12.029467747291033
9/1/20,South Carolina,614905.0,175.39,5131848.0,11.982135869963413
10/1/19,South Dakota,78854.0,127.15,884659.0,8.913490960923927
11/1/19,South Dakota,78286.0,126.28,884659.0,8.849285430883539
12/1/19,South Dakota,77863.0,126.63,884659.0,8.801470397068249
1/1/20,South Dakota,78134.0,126.2,887799.0,8.800865961777385
2/1/20,South Dakota,78006.0,126.22,887799.0,8.7864482839021
3/1/20,South Dakota,77302.0,171.08,887799.0,8.707151055588033
4/1/20,South Dakota,79148.0,172.75,887799.0,8.915081003695656
5/1/20,South Dakota,79205.0,171.36,887799.0,8.921501375874493
6/1/20,South Dakota,77981.0,172.53,887799.0,8.783632331192083
7/1/20,South Dakota,77526.0,172.83,887799.0,8.732381991869781
8/1/20,South Dakota,78149.0,173.01,887799.0,8.802555533403394
9/1/20,South Dakota,78491.0,172.47,887799.0,8.84107776647642
10/1/19,Tennessee,882622.0,122.45,6829174.0,12.924286304610192
11/1/19,Tennessee,887077.0,122.47,6829174.0,12.989521133888227
12/1/19,Tennessee,851955.0,122.61,6829174.0,12.475227604392567
1/1/20,Tennessee,865670.0,120.55,6925619.0,12.499532532759888
2/1/20,Tennessee,844321.0,122.1,6925619.0,12.19127127842291
3/1/20,Tennessee,861061.0,123.51,6925619.0,12.432982524738943
4/1/20,Tennessee,900106.0,176.58,6925619.0,12.996758845671414
5/1/20,Tennessee,891093.0,188.27,6925619.0,12.866618853852628
6/1/20,Tennessee,876013.0,232.01,6925619.0,12.648876584172475
7/1/20,Tennessee,846858.0,247.54,6925619.0,12.22790338307666
8/1/20,Tennessee,855072.0,233.31,6925619.0,12.346506499996607
9/1/20,Tennessee,865381.0,231.61,6925619.0,12.495359620562436
10/1/19,Texas,3348300.0,117.72,28995881.0,11.54750221246942
11/1/19,Texas,3280049.0,116.85,28995881.0,11.312120504288178
12/1/19,Texas,3247148.0,117.29,28995881.0,11.198652663804214
1/1/20,Texas,3231991.0,116.41,29232474.0,11.056166508520626
2/1/20,Texas,3162216.0,117.61,29232474.0,10.817476481805818
3/1/20,Texas,3214013.0,118.94,29232474.0,10.994666411060521
4/1/20,Texas,3632605.0,169.83,29232474.0,12.426608161868202
5/1/20,Texas,3877726.0,176.38,29232474.0,13.265131100433031
6/1/20,Texas,3884584.0,174.33,29232474.0,13.288591311156218
7/1/20,Texas,3870588.0,172.91,29232474.0,13.240713050835176
8/1/20,Texas,3900408.0,176.79,29232474.0,13.342722890987604
9/1/20,Texas,3962503.0,170.23,29232474.0,13.55514076571145
10/1/19,Utah,165374.0,116.04,3205958.0,5.158333328134679
11/1/19,Utah,164587.0,114.91,3205958.0,5.133785283525237
12/1/19,Utah,163533.0,115.04,3205958.0,5.100908995064814
1/1/20,Utah,163926.0,113.95,3283785.0,4.991983336302468
2/1/20,Utah,164518.0,115.56,3283785.0,5.010011313164534
3/1/20,Utah,163895.0,115.24,3283785.0,4.991039303730299
4/1/20,Utah,172489.0,159.62,3283785.0,5.252749494866443
5/1/20,Utah,162295.0,174.96,3283785.0,4.942315041940931
6/1/20,Utah,156331.0,164.11,3283785.0,4.760695356121062
7/1/20,Utah,153492.0,124.56,3283785.0,4.674240244108551
8/1/20,Utah,176700.0,210.85,3283785.0,5.380985661363336
9/1/20,Utah,161348.0,174.4,3283785.0,4.913476369494349
10/1/19,Vermont,67296.0,120.87,623989.0,10.78480550137903
11/1/19,Vermont,67392.0,121.6,623989.0,10.800190387971583
12/1/19,Vermont,67680.0,119.71,623989.0,10.846345047749239
1/1/20,Vermont,67995.0,120.15,642893.0,10.576410071349354
2/1/20,Vermont,67521.0,119.73,642893.0,10.502680850468119
3/1/20,Vermont,69063.0,119.66,642893.0,10.742534138651378
4/1/20,Vermont,72262.0,171.34,642893.0,11.240128606159967
5/1/20,Vermont,72855.0,168.87,642893.0,11.33236790570126
6/1/20,Vermont,68219.0,161.39,642893.0,10.61125257235652
7/1/20,Vermont,66393.0,160.52,642893.0,10.327223970396318
8/1/20,Vermont,67728.0,159.05,642893.0,10.534879054523847
9/1/20,Vermont,68416.0,166.7,642893.0,10.641895307617286
10/1/19,Virginia,695004.0,119.09,8535519.0,8.142492565478443
11/1/19,Virginia,691545.0,118.27,8535519.0,8.10196778895343
12/1/19,Virginia,693276.0,118.34,8535519.0,8.122247750839756
1/1/20,Virginia,683541.0,116.74,8636471.0,7.914586872346355
2/1/20,Virginia,679702.0,118.69,8636471.0,7.870135845995431
3/1/20,Virginia,687984.0,172.16,8636471.0,7.96603149596635
4/1/20,Virginia,746608.0,174.59,8636471.0,8.644827267989436
5/1/20,Virginia,767020.0,174.52,8636471.0,8.881173803513033
6/1/20,Virginia,773719.0,174.1,8636471.0,8.958740207661208
7/1/20,Virginia,785411.0,173.48,8636471.0,9.094119577313466
8/1/20,Virginia,782261.0,172.67,8636471.0,9.057646346522787
9/1/20,Virginia,778370.0,173.79,8636471.0,9.01259322239373
10/1/19,Washington,802305.0,122.29,7614893.0,10.535998339044292
11/1/19,Washington,797097.0,122.17,7614893.0,10.467606045153884
12/1/19,Washington,793616.0,122.97,7614893.0,10.421892993112312
1/1/20,Washington,796876.0,121.7,7724031.0,10.316841038053836
2/1/20,Washington,797442.0,121.77,7724031.0,10.324168818069218
3/1/20,Washington,797246.0,122.99,7724031.0,10.321631282940217
4/1/20,Washington,960064.0,209.82,7724031.0,12.42957207188837
5/1/20,Washington,929111.0,170.92,7724031.0,12.02883572062308
6/1/20,Washington,929624.0,172.83,7724031.0,12.035477330425007
7/1/20,Washington,940841.0,173.64,7724031.0,12.180699430129165
8/1/20,Washington,956647.0,171.64,7724031.0,12.38533351303225
9/1/20,Washington,951090.0,173.2,7724031.0,12.313389213481925
10/1/19,West Virginia,307404.0,108.67,1792147.0,17.152834003014263
11/1/19,West Virginia,305334.0,108.95,1792147.0,17.037330085087888
12/1/19,West Virginia,304658.0,108.9,1792147.0,16.99960996503077
1/1/20,West Virginia,306625.0,107.46,1791420.0,17.116309966395374
2/1/20,West Virginia,303583.0,108.83,1791420.0,16.946500541469895
3/1/20,West Virginia,303032.0,107.98,1791420.0,16.915742818546182
4/1/20,West Virginia,317622.0,172.49,1791420.0,17.730180527179556
5/1/20,West Virginia,317577.0,175.31,1791420.0,17.727668553438054
6/1/20,West Virginia,301899.0,174.92,1791420.0,16.852496901899052
7/1/20,West Virginia,300155.0,172.65,1791420.0,16.75514396400621
8/1/20,West Virginia,301459.0,171.57,1791420.0,16.82793538087104
9/1/20,West Virginia,305262.0,173.54,1791420.0,17.04022507284724
10/1/19,Wisconsin,606036.0,106.18,5822434.0,10.408636662948863
11/1/19,Wisconsin,602506.0,105.38,5822434.0,10.348009097226349
12/1/19,Wisconsin,600206.0,105.46,5822434.0,10.308506717293833
1/1/20,Wisconsin,600864.0,104.72,5896271.0,10.190576382937623
2/1/20,Wisconsin,600269.0,105.7,5896271.0,10.180485259242664
3/1/20,Wisconsin,607188.0,177.26,5896271.0,10.297830611924045
4/1/20,Wisconsin,668008.0,174.61,5896271.0,11.32933001213818
5/1/20,Wisconsin,696751.0,173.39,5896271.0,11.816807606027606
6/1/20,Wisconsin,689684.0,110.34,5896271.0,11.696952192326302
7/1/20,Wisconsin,687380.0,173.83,5896271.0,11.65787664779994
8/1/20,Wisconsin,702042.0,175.07,5896271.0,11.90654228748984
9/1/20,Wisconsin,707583.0,174.29,5896271.0,12.00051693689113
10/1/19,Wyoming,25564.0,113.62,578759.0,4.417037143266887
11/1/19,Wyoming,25465.0,112.16,578759.0,4.399931577737884
12/1/19,Wyoming,25801.0,112.08,578759.0,4.457986830442377
1/1/20,Wyoming,25915.0,111.49,577605.0,4.486630136511977
2/1/20,Wyoming,25797.0,114.19,577605.0,4.466200950476536
3/1/20,Wyoming,26795.0,109.5,577605.0,4.638983388301694
4/1/20,Wyoming,27989.0,166.56,577605.0,4.845699050389107
5/1/20,Wyoming,27768.0,169.04,577605.0,4.807437608746461
6/1/20,Wyoming,27987.0,167.73,577605.0,4.845352792998676
7/1/20,Wyoming,27413.0,169.52,577605.0,4.745976921944928
8/1/20,Wyoming,28572.0,168.47,577605.0,4.946633079699795
9/1/20,Wyoming,28072.0,175.92,577605.0,4.860068732092
10/1/20,Alabama,787978.0,185.62,5031362.0,15.661325899428425
11/1/20,Alabama,793944.0,192.46,5031362.0,15.779902141805739
12/1/20,Alabama,765476.0,185.45,5031362.0,15.214091134766292
1/1/21,Alabama,780532.0,210.6,5049846.0,15.456550556195179
2/1/21,Alabama,793255.0,212.38,5049846.0,15.70849883342977
3/1/21,Alabama,763561.0,213.89,5049846.0,15.120480901793837
4/1/21,Alabama,755275.0,230.16,5049846.0,14.956396690116886
5/1/21,Alabama,755065.0,224.12,5049846.0,14.952238147460339
6/1/21,Alabama,757590.0,223.57,5049846.0,15.002239672259313
7/1/21,Alabama,759489.0,229.28,5049846.0,15.039844779424957
8/1/21,Alabama,759348.0,219.38,5049846.0,15.037052615069847
9/1/21,Alabama,763754.0,240.54,5049846.0,15.124302800521045
10/1/20,Arizona,842358.0,177.36,7179943.0,11.732098708861615
11/1/20,Arizona,816014.0,178.63,7179943.0,11.365187718064057
12/1/20,Arizona,842716.0,179.74,7179943.0,11.737084820868356
1/1/21,Arizona,884716.0,199.01,7264877.0,12.17799007471152
2/1/21,Arizona,907158.0,184.62,7264877.0,12.48690101704406
3/1/21,Arizona,920868.0,204.55,7264877.0,12.67561721967213
4/1/21,Arizona,933819.0,205.06,7264877.0,12.853885895108755
5/1/21,Arizona,954765.0,242.72,7264877.0,13.14220460993352
6/1/21,Arizona,917398.0,226.01,7264877.0,12.627853162551823
7/1/21,Arizona,875323.0,224.54,7264877.0,12.048696763895657
8/1/21,Arizona,851592.0,224.52,7264877.0,11.72204291965301
9/1/21,Arizona,802750.0,222.91,7264877.0,11.049739727183267
10/1/20,Arkansas,377077.0,183.33,3014195.0,12.51003999409461
11/1/20,Arkansas,359966.0,183.5,3014195.0,11.942359402759276
12/1/20,Arkansas,351931.0,185.88,3014195.0,11.675787399289032
1/1/21,Arkansas,347714.0,207.48,3028122.0,11.48282664965282
2/1/21,Arkansas,348755.0,206.03,3028122.0,11.517204392689596
3/1/21,Arkansas,351316.0,205.41,3028122.0,11.60177826388765
4/1/21,Arkansas,342068.0,221.49,3028122.0,11.296374452548477
5/1/21,Arkansas,333362.0,221.51,3028122.0,11.008869523751025
6/1/21,Arkansas,332663.0,196.16,3028122.0,10.98578590955054
7/1/21,Arkansas,352201.0,126.46,3028122.0,11.631004299034187
8/1/21,Arkansas,333818.0,134.48,3028122.0,11.02392836219941
9/1/21,Arkansas,323246.0,138.39,3028122.0,10.674801081330276
10/1/20,California,4375694.0,185.01,39501653.0,11.077242767536841
11/1/20,California,4245238.0,185.49,39501653.0,10.74698823363164
12/1/20,California,4234649.0,185.69,39501653.0,10.720181760494935
1/1/21,California,4368759.0,180.73,39142991.0,11.161024971239424
2/1/21,California,4451404.0,233.45,39142991.0,11.37216111052934
3/1/21,California,4309750.0,215.36,39142991.0,11.010272567060602
4/1/21,California,4291627.0,217.82,39142991.0,10.963973090354797
5/1/21,California,4259446.0,240.79,39142991.0,10.881759137925867
6/1/21,California,4237518.0,239.76,39142991.0,10.82573889154255
7/1/21,California,4412673.0,233.71,39142991.0,11.273213638681828
8/1/21,California,4340990.0,239.44,39142991.0,11.090082513111991
9/1/21,California,4396992.0,240.2,39142991.0,11.233152826772997
10/1/20,Colorado,506102.0,183.78,5784865.0,8.74872620190791
11/1/20,Colorado,476756.0,191.9,5784865.0,8.241436922037074
12/1/20,Colorado,497997.0,183.51,5784865.0,8.60861921583304
1/1/21,Colorado,499164.0,210.1,5811297.0,8.589545500772031
2/1/21,Colorado,507441.0,215.08,5811297.0,8.731974979079542
3/1/21,Colorado,512057.0,214.12,5811297.0,8.811406472599835
4/1/21,Colorado,517146.0,226.74,5811297.0,8.898977285105202
5/1/21,Colorado,522550.0,225.79,5811297.0,8.991968574313102
6/1/21,Colorado,513617.0,237.22,5811297.0,8.838250738174283
7/1/21,Colorado,512297.0,231.8,5811297.0,8.815536359611288
8/1/21,Colorado,565496.0,200.23,5811297.0,9.73097743928765
9/1/21,Colorado,536718.0,216.43,5811297.0,9.235769570889252
10/1/20,Connecticut,365607.0,188.75,3597362.0,10.163197365180373
11/1/20,Connecticut,360157.0,187.26,3597362.0,10.01169746052802
12/1/20,Connecticut,365498.0,188.69,3597362.0,10.160167367087327
1/1/21,Connecticut,368684.0,215.87,3623355.0,10.175210543819196
2/1/21,Connecticut,373747.0,214.46,3623355.0,10.314942918924588
3/1/21,Connecticut,376924.0,214.78,3623355.0,10.402624087344464
4/1/21,Connecticut,376581.0,244.15,3623355.0,10.393157722607913
5/1/21,Connecticut,379351.0,245.11,3623355.0,10.46960620750658
6/1/21,Connecticut,376195.0,204.02,3623355.0,10.38250461243792
7/1/21,Connecticut,372661.0,244.08,3623355.0,10.28497069704735
8/1/21,Connecticut,372430.0,243.85,3623355.0,10.278595390183959
9/1/21,Connecticut,371752.0,243.68,3623355.0,10.259883450558943
10/1/20,Florida,3672011.0,185.95,21589602.0,17.008238502960822
11/1/20,Florida,3510072.0,184.97,21589602.0,16.258159830829673
12/1/20,Florida,3462997.0,187.14,21589602.0,16.040115051680896
1/1/21,Florida,3465806.0,212.94,21828069.0,15.87774896625075
2/1/21,Florida,3343701.0,214.62,21828069.0,15.318354546157979
3/1/21,Florida,3299396.0,214.4,21828069.0,15.115381942397196
4/1/21,Florida,3270866.0,214.07,21828069.0,14.98467867221787
5/1/21,Florida,3332113.0,253.5,21828069.0,15.265266936805084
6/1/21,Florida,3334019.0,195.53,21828069.0,15.27399881317949
7/1/21,Florida,3290398.0,225.46,21828069.0,15.07415978939777
8/1/21,Florida,3167392.0,138.74,21828069.0,14.510637656496323
9/1/21,Florida,3125813.0,128.93,21828069.0,14.320153560078996
10/1/20,Georgia,1770106.0,180.94,10729828.0,16.49705848034097
11/1/20,Georgia,1725595.0,182.13,10729828.0,16.08222424441473
12/1/20,Georgia,1694533.0,179.9,10729828.0,15.79273218545535
1/1/21,Georgia,1736230.0,182.99,10788029.0,16.094042757949577
2/1/21,Georgia,1734395.0,180.41,10788029.0,16.077033163333173
3/1/21,Georgia,1644201.0,235.37,10788029.0,15.24097682718502
4/1/21,Georgia,1605345.0,205.99,10788029.0,14.880799819874419
5/1/21,Georgia,1577535.0,208.34,10788029.0,14.623014083480864
6/1/21,Georgia,1561708.0,270.39,10788029.0,14.47630517122266
7/1/21,Georgia,1539533.0,225.11,10788029.0,14.270753258078933
8/1/21,Georgia,1551156.0,226.49,10788029.0,14.378493050027952
9/1/21,Georgia,1547070.0,225.58,10788029.0,14.34061773471317
10/1/20,Illinois,2021384.0,185.38,12786580.0,15.808636867715997
11/1/20,Illinois,2003672.0,184.86,12786580.0,15.670116637912562
12/1/20,Illinois,2023782.0,186.14,12786580.0,15.82739090515212
1/1/21,Illinois,2052650.0,211.45,12686469.0,16.179836958573738
2/1/21,Illinois,2050596.0,212.07,12686469.0,16.163646480356356
3/1/21,Illinois,2063370.0,213.6,12686469.0,16.264336435930282
4/1/21,Illinois,2044420.0,228.83,12686469.0,16.11496469190915
5/1/21,Illinois,1949932.0,236.41,12686469.0,15.37017116425382
6/1/21,Illinois,1954847.0,233.82,12686469.0,15.408913228732125
7/1/21,Illinois,1925502.0,229.43,12686469.0,15.177603791882516
8/1/21,Illinois,1914912.0,220.04,12686469.0,15.0941290283372
9/1/21,Illinois,1824419.0,232.2,12686469.0,14.38082574434226
10/1/20,Indiana,643454.0,187.26,6788799.0,9.47817132308675
11/1/20,Indiana,638340.0,186.66,6788799.0,9.402841356770173
12/1/20,Indiana,666161.0,187.03,6788799.0,9.81264874685493
1/1/21,Indiana,677873.0,210.97,6813532.0,9.94892223299164
2/1/21,Indiana,669397.0,211.85,6813532.0,9.824522729180696
3/1/21,Indiana,659377.0,211.85,6813532.0,9.677462437983706
4/1/21,Indiana,646349.0,224.05,6813532.0,9.486254706076085
5/1/21,Indiana,642595.0,194.46,6813532.0,9.431158465242403
6/1/21,Indiana,635954.0,221.87,6813532.0,9.333690661466036
7/1/21,Indiana,627069.0,228.68,6813532.0,9.203288397265911
8/1/21,Indiana,619772.0,229.84,6813532.0,9.09619269418563
9/1/21,Indiana,622712.0,215.2,6813532.0,9.139342120944027
10/1/20,Kentucky,575446.0,187.85,4507445.0,12.766567312524057
11/1/20,Kentucky,591650.0,187.72,4507445.0,13.126061438353656
12/1/20,Kentucky,616578.0,186.24,4507445.0,13.679102018993023
1/1/21,Kentucky,624724.0,210.98,4506589.0,13.86245783673639
2/1/21,Kentucky,625364.0,214.81,4506589.0,13.87665926491189
3/1/21,Kentucky,622817.0,213.94,4506589.0,13.8201420187197
4/1/21,Kentucky,626855.0,212.25,4506589.0,13.909744154614497
5/1/21,Kentucky,603132.0,209.74,4506589.0,13.383337153665446
6/1/21,Kentucky,625938.0,253.58,4506589.0,13.889396170806789
7/1/21,Kentucky,582008.0,232.55,4506589.0,12.914601264947837
8/1/21,Kentucky,556795.0,361.29,4506589.0,12.355131564027694
9/1/21,Kentucky,521657.0,234.31,4506589.0,11.575428777729675
10/1/20,Louisiana,988329.0,211.39,4651664.0,21.246783946561916
11/1/20,Louisiana,975770.0,197.67,4651664.0,20.976794540620304
12/1/20,Louisiana,961545.0,184.09,4651664.0,20.670989994118234
1/1/21,Louisiana,987599.0,209.72,4627098.0,21.343809878243338
2/1/21,Louisiana,1007436.0,211.74,4627098.0,21.77252351257743
3/1/21,Louisiana,922784.0,212.16,4627098.0,19.943039892390434
4/1/21,Louisiana,882910.0,244.61,4627098.0,19.08129026011552
5/1/21,Louisiana,857954.0,231.59,4627098.0,18.541945729267027
6/1/21,Louisiana,872619.0,233.4,4627098.0,18.858883040730927
7/1/21,Louisiana,843966.0,231.19,4627098.0,18.239639618611925
8/1/21,Louisiana,823113.0,225.61,4627098.0,17.788968377155616
9/1/21,Louisiana,972648.0,276.17,4627098.0,21.020691586821805
10/1/20,Maine,154380.0,186.61,1363557.0,11.321858932189853
11/1/20,Maine,154018.0,185.77,1363557.0,11.295310720417262
12/1/20,Maine,150696.0,192.58,1363557.0,11.051683207962704
1/1/21,Maine,154069.0,219.93,1377238.0,11.186810122869105
2/1/21,Maine,158338.0,214.29,1377238.0,11.496778334608832
3/1/21,Maine,158479.0,215.44,1377238.0,11.507016216514502
4/1/21,Maine,157816.0,233.26,1377238.0,11.458876388830399
5/1/21,Maine,157712.0,234.01,1377238.0,11.451325043311323
6/1/21,Maine,163254.0,226.13,1377238.0,11.853724628568193
7/1/21,Maine,163412.0,227.19,1377238.0,11.865196865029864
8/1/21,Maine,161508.0,228.88,1377238.0,11.726949154757566
9/1/21,Maine,157460.0,232.32,1377238.0,11.433027552245873
10/1/20,Maryland,697144.0,187.46,6173205.0,11.293064137672408
11/1/20,Maryland,759660.0,192.15,6173205.0,12.305763375750523
12/1/20,Maryland,797909.0,189.84,6173205.0,12.92536048940542
1/1/21,Maryland,824762.0,211.85,6174610.0,13.357313255412082
2/1/21,Maryland,843794.0,221.11,6174610.0,13.665543248885353
3/1/21,Maryland,857165.0,211.78,6174610.0,13.882091338562274
4/1/21,Maryland,850513.0,213.27,6174610.0,13.774359838111232
5/1/21,Maryland,848382.0,229.3,6174610.0,13.739847536929458
6/1/21,Maryland,835449.0,227.43,6174610.0,13.530393012676104
7/1/21,Maryland,854993.0,240.56,6174610.0,13.846915027831717
8/1/21,Maryland,854592.0,223.64,6174610.0,13.840420690537538
9/1/21,Maryland,857652.0,248.12,6174610.0,13.889978476373408
10/1/20,Massachusetts,881314.0,188.32,6995729.0,12.597886510469458
11/1/20,Massachusetts,886834.0,168.26,6995729.0,12.676791796823462
12/1/20,Massachusetts,900624.0,195.36,6995729.0,12.87391206834913
1/1/21,Massachusetts,916806.0,165.81,6989690.0,13.116547371914923
2/1/21,Massachusetts,933727.0,204.98,6989690.0,13.358632500153798
3/1/21,Massachusetts,925152.0,213.21,6989690.0,13.235951809021573
4/1/21,Massachusetts,947324.0,208.87,6989690.0,13.5531618712704
5/1/21,Massachusetts,952856.0,235.39,6989690.0,13.632307012185091
6/1/21,Massachusetts,934657.0,240.91,6989690.0,13.371937811262017
7/1/21,Massachusetts,936275.0,257.96,6989690.0,13.395086191233089
8/1/21,Massachusetts,959000.0,223.16,6989690.0,13.720207906216157
9/1/21,Massachusetts,973777.0,221.18,6989690.0,13.931619284975442
10/1/20,Michigan,1243376.0,186.22,10069577.0,12.347847382268391
11/1/20,Michigan,1264302.0,185.05,10069577.0,12.555661474161228
12/1/20,Michigan,1288627.0,182.38,10069577.0,12.797230707903621
1/1/21,Michigan,1299040.0,213.47,10037504.0,12.941862837613813
2/1/21,Michigan,1316634.0,211.97,10037504.0,13.117145457675534
3/1/21,Michigan,1308226.0,209.44,10037504.0,13.033379613099033
4/1/21,Michigan,1263496.0,199.2,10037504.0,12.587750899028286
5/1/21,Michigan,1250159.0,257.45,10037504.0,12.454879220969675
6/1/21,Michigan,1252750.0,207.51,10037504.0,12.480692411181106
7/1/21,Michigan,1340469.0,222.38,10037504.0,13.354604889821214
8/1/21,Michigan,1250392.0,230.52,10037504.0,12.45720051518784
9/1/21,Michigan,1261080.0,234.44,10037504.0,12.56368117013951
10/1/20,Minnesota,436693.0,254.71,5709852.0,7.648061631019508
11/1/20,Minnesota,436362.0,250.33,5709852.0,7.642264633128845
12/1/20,Minnesota,444096.0,254.83,5709852.0,7.77771472885812
1/1/21,Minnesota,469979.0,270.88,5711471.0,8.228685744880785
2/1/21,Minnesota,459561.0,288.56,5711471.0,8.046280896812748
3/1/21,Minnesota,462770.0,389.95,5711471.0,8.102466072225527
4/1/21,Minnesota,463231.0,440.96,5711471.0,8.110537548032722
5/1/21,Minnesota,464714.0,498.86,5711471.0,8.136502837885372
6/1/21,Minnesota,465318.0,405.69,5711471.0,8.147078046968986
7/1/21,Minnesota,452449.0,701.81,5711471.0,7.921759560715619
8/1/21,Minnesota,441656.0,300.19,5711471.0,7.732788978531099
9/1/21,Minnesota,434990.0,314.2,5711471.0,7.616076488876508
10/1/20,Missouri,726067.0,183.39,6153998.0,11.798297627006054
11/1/20,Missouri,696615.0,184.36,6153998.0,11.31971443604629
12/1/20,Missouri,702463.0,185.39,6153998.0,11.414742091238898
1/1/21,Missouri,692593.0,212.49,6169823.0,11.225492206178362
2/1/21,Missouri,699811.0,213.35,6169823.0,11.342480975548245
3/1/21,Missouri,712239.0,211.45,6169823.0,11.54391301014632
4/1/21,Missouri,693263.0,227.04,6169823.0,11.236351512839185
5/1/21,Missouri,691375.0,228.61,6169823.0,11.20575095914421
6/1/21,Missouri,695200.0,225.92,6169823.0,11.267746254633236
7/1/21,Missouri,698864.0,227.69,6169823.0,11.32713207493959
8/1/21,Missouri,692604.0,228.36,6169823.0,11.225670493302644
9/1/21,Missouri,683546.0,155.37,6169823.0,11.07885915041647
10/1/20,Nevada,483693.0,175.3,3115648.0,15.524635645618504
11/1/20,Nevada,477920.0,188.89,3115648.0,15.339345137833286
12/1/20,Nevada,442157.0,176.19,3115648.0,14.191494032702026
1/1/21,Nevada,464298.0,176.14,3146402.0,14.756474220395233
2/1/21,Nevada,482335.0,180.24,3146402.0,15.329732182982339
3/1/21,Nevada,477172.0,203.08,3146402.0,15.16563999132978
4/1/21,Nevada,448863.0,224.67,3146402.0,14.265913891486212
5/1/21,Nevada,427799.0,222.28,3146402.0,13.596450803171367
6/1/21,Nevada,428387.0,221.35,3146402.0,13.615138815701236
7/1/21,Nevada,426535.0,220.2,3146402.0,13.556277932699
8/1/21,Nevada,437871.0,214.86,3146402.0,13.916562473580935
9/1/21,Nevada,441968.0,199.17,3146402.0,14.04677469693955
10/1/20,New Hampshire,70164.0,180.63,1378587.0,5.089559092026836
11/1/20,New Hampshire,69973.0,180.53,1378587.0,5.075704326241289
12/1/20,New Hampshire,70106.0,182.83,1378587.0,5.0853518856626385
1/1/21,New Hampshire,68802.0,206.66,1387505.0,4.958684833568167
2/1/21,New Hampshire,68540.0,210.73,1387505.0,4.939802018731464
3/1/21,New Hampshire,69697.0,213.53,1387505.0,5.023189105624844
4/1/21,New Hampshire,68932.0,226.4,1387505.0,4.968054169174165
5/1/21,New Hampshire,68834.0,226.23,1387505.0,4.96099113156349
6/1/21,New Hampshire,68773.0,223.02,1387505.0,4.956594751009906
7/1/21,New Hampshire,68530.0,225.28,1387505.0,4.939081300607926
8/1/21,New Hampshire,68125.0,228.76,1387505.0,4.909892216604625
9/1/21,New Hampshire,68920.0,222.71,1387505.0,4.967189307425919
10/1/20,New Mexico,475470.0,182.18,2118390.0,22.444875589480688
11/1/20,New Mexico,492885.0,182.0,2118390.0,23.26696217410392
12/1/20,New Mexico,507084.0,182.59,2118390.0,23.937235353263564
1/1/21,New Mexico,515088.0,182.28,2116677.0,24.33474734217833
2/1/21,New Mexico,520661.0,181.82,2116677.0,24.59803739540799
3/1/21,New Mexico,526461.0,256.55,2116677.0,24.872051805731342
4/1/21,New Mexico,527725.0,235.45,2116677.0,24.931768049636293
5/1/21,New Mexico,527763.0,233.83,2116677.0,24.93356331646255
6/1/21,New Mexico,531154.0,231.23,2116677.0,25.093767258774015
7/1/21,New Mexico,535639.0,233.32,2116677.0,25.305655988136124
8/1/21,New Mexico,540579.0,233.22,2116677.0,25.539040675549458
9/1/21,New Mexico,545421.0,230.69,2116677.0,25.76779546430561
10/1/20,New York,2781742.0,190.39,20108296.0,13.833802725004645
11/1/20,New York,2720372.0,198.95,20108296.0,13.528605307978358
12/1/20,New York,2742577.0,186.76,20108296.0,13.639032367536263
1/1/21,New York,2758288.0,213.38,19857492.0,13.890414761340455
2/1/21,New York,2760769.0,214.87,19857492.0,13.902908786265659
3/1/21,New York,2790766.0,214.74,19857492.0,14.05397015897073
4/1/21,New York,2818184.0,244.73,19857492.0,14.192043990248113
5/1/21,New York,2815830.0,245.78,19857492.0,14.180189522423072
6/1/21,New York,2826820.0,248.36,19857492.0,14.235533873059095
7/1/21,New York,2798640.0,216.06,19857492.0,14.093622699180742
8/1/21,New York,2778310.0,230.63,19857492.0,13.991243204328118
9/1/21,New York,2776268.0,222.65,19857492.0,13.98095993189875
10/1/20,North Carolina,1424340.0,183.4,10449445.0,13.630771777831264
11/1/20,North Carolina,1399143.0,188.56,10449445.0,13.38963935405182
12/1/20,North Carolina,1449615.0,185.21,10449445.0,13.872650652738017
1/1/21,North Carolina,1495798.0,199.51,10565885.0,14.156864285386412
2/1/21,North Carolina,1531023.0,196.81,10565885.0,14.49024856886101
3/1/21,North Carolina,1557339.0,229.64,10565885.0,14.739314312052421
4/1/21,North Carolina,1569109.0,207.12,10565885.0,14.850710565182187
5/1/21,North Carolina,1582403.0,265.47,10565885.0,14.976530598241416
6/1/21,North Carolina,1598098.0,226.97,10565885.0,15.125074709785313
7/1/21,North Carolina,1612506.0,232.99,10565885.0,15.261438109538386
8/1/21,North Carolina,1628719.0,231.66,10565885.0,15.414884791950698
9/1/21,North Carolina,1651835.0,231.81,10565885.0,15.633664383059251
10/1/20,Ohio,1498880.0,185.94,11797517.0,12.705046324578298
11/1/20,Ohio,1464612.0,184.48,11797517.0,12.414578423578453
12/1/20,Ohio,1456030.0,191.79,11797517.0,12.341834302930014
1/1/21,Ohio,1536645.0,212.18,11764342.0,13.061886504149573
2/1/21,Ohio,1532847.0,212.71,11764342.0,13.029602505605498
3/1/21,Ohio,1535731.0,210.99,11764342.0,13.05411726384697
4/1/21,Ohio,1535325.0,228.9,11764342.0,13.05066615710424
5/1/21,Ohio,1539008.0,220.27,11764342.0,13.081972625413304
6/1/21,Ohio,1542770.0,225.8,11764342.0,13.113950614492506
7/1/21,Ohio,1497379.0,231.38,11764342.0,12.728115180602536
8/1/21,Ohio,1483344.0,224.44,11764342.0,12.60881399061673
9/1/21,Ohio,1490681.0,229.93,11764342.0,12.671180419610378
10/1/20,Oklahoma,625112.0,180.04,3964912.0,15.766100231228336
11/1/20,Oklahoma,615621.0,180.75,3964912.0,15.526725435520387
12/1/20,Oklahoma,611487.0,179.41,3964912.0,15.422460826368908
1/1/21,Oklahoma,608484.0,197.08,3991225.0,15.24554491415543
2/1/21,Oklahoma,608510.0,206.54,3991225.0,15.246196343227956
3/1/21,Oklahoma,612931.0,205.32,3991225.0,15.356964340522019
4/1/21,Oklahoma,607815.0,210.1,3991225.0,15.22878314302
5/1/21,Oklahoma,614778.0,209.95,3991225.0,15.403240859635826
6/1/21,Oklahoma,628127.0,230.48,3991225.0,15.737699578450226
7/1/21,Oklahoma,622337.0,215.09,3991225.0,15.592631334991136
8/1/21,Oklahoma,632319.0,197.84,3991225.0,15.84272998891318
9/1/21,Oklahoma,642265.0,167.33,3991225.0,16.091926664119413
10/1/20,Oregon,661328.0,188.71,4244795.0,15.579739422045117
11/1/20,Oregon,685767.0,188.11,4244795.0,16.155479828825655
12/1/20,Oregon,705101.0,188.56,4244795.0,16.610955299372527
1/1/21,Oregon,717568.0,215.86,4256301.0,16.858958048314722
2/1/21,Oregon,754336.0,205.48,4256301.0,17.72280672818957
3/1/21,Oregon,754221.0,208.19,4256301.0,17.72010485160706
4/1/21,Oregon,715336.0,217.9,4256301.0,16.806518148035114
5/1/21,Oregon,725771.0,262.8,4256301.0,17.051684079673876
6/1/21,Oregon,712595.0,237.37,4256301.0,16.742119507055538
7/1/21,Oregon,686424.0,235.16,4256301.0,16.12724288061394
8/1/21,Oregon,678916.0,237.78,4256301.0,15.950845581644717
9/1/21,Oregon,678166.0,228.74,4256301.0,15.933224647410979
10/1/20,Pennsylvania,1841766.0,180.07,12994440.0,14.173492663015875
11/1/20,Pennsylvania,1810277.0,169.02,12994440.0,13.931165944819476
12/1/20,Pennsylvania,1447615.0,207.33,12994440.0,11.14026460547742
1/1/21,Pennsylvania,1799807.0,206.26,13012059.0,13.831838604482197
2/1/21,Pennsylvania,1795163.0,207.15,13012059.0,13.7961486341247
3/1/21,Pennsylvania,1783981.0,209.07,13012059.0,13.710212964758306
4/1/21,Pennsylvania,1782922.0,260.61,13012059.0,13.702074360406758
5/1/21,Pennsylvania,1778560.0,447.81,13012059.0,13.668551610471486
6/1/21,Pennsylvania,1771130.0,348.66,13012059.0,13.611450731971011
7/1/21,Pennsylvania,1777407.0,230.55,13012059.0,13.65969059931253
8/1/21,Pennsylvania,1792493.0,229.79,13012059.0,13.775629206722778
9/1/21,Pennsylvania,1816279.0,229.07,13012059.0,13.95842886971232
10/1/20,Rhode Island,136608.0,186.4,1096345.0,12.460311307115916
11/1/20,Rhode Island,137904.0,187.07,1096345.0,12.578522271730158
12/1/20,Rhode Island,141547.0,187.84,1096345.0,12.910808185379603
1/1/21,Rhode Island,143774.0,216.86,1096985.0,13.106286776938608
2/1/21,Rhode Island,144535.0,214.34,1096985.0,13.175658737357393
3/1/21,Rhode Island,146326.0,214.36,1096985.0,13.338924415557186
4/1/21,Rhode Island,146389.0,244.39,1096985.0,13.344667429363207
5/1/21,Rhode Island,144604.0,239.63,1096985.0,13.181948704859229
6/1/21,Rhode Island,143788.0,241.81,1096985.0,13.107563002228837
7/1/21,Rhode Island,141617.0,243.83,1096985.0,12.909656923294301
8/1/21,Rhode Island,139478.0,243.53,1096985.0,12.71466793073743
9/1/21,Rhode Island,139212.0,241.51,1096985.0,12.690419650223111
10/1/20,South Carolina,611862.0,185.3,5131848.0,11.92283949173865
11/1/20,South Carolina,604551.0,184.22,5131848.0,11.780376191968275
12/1/20,South Carolina,599027.0,188.4,5131848.0,11.672734656209615
1/1/21,South Carolina,604551.0,214.15,5193266.0,11.641055936668755
2/1/21,South Carolina,610090.0,215.77,5193266.0,11.747713288708878
3/1/21,South Carolina,612863.0,213.59,5193266.0,11.801109359697731
4/1/21,South Carolina,609831.0,228.79,5193266.0,11.74272606101825
5/1/21,South Carolina,602657.0,227.57,5193266.0,11.604585630699447
6/1/21,South Carolina,604124.0,226.33,5193266.0,11.632833750476097
7/1/21,South Carolina,606295.0,210.39,5193266.0,11.674637886832679
8/1/21,South Carolina,614620.0,225.68,5193266.0,11.834941634031455
9/1/21,South Carolina,616807.0,228.59,5193266.0,11.877053861673945
10/1/20,South Dakota,77417.0,181.4,887799.0,8.72010443805411
11/1/20,South Dakota,76639.0,180.56,887799.0,8.632471989718393
12/1/20,South Dakota,76303.0,181.66,887799.0,8.59462558529577
1/1/21,South Dakota,75925.0,207.27,896164.0,8.472221602296008
2/1/21,South Dakota,76089.0,207.31,896164.0,8.490521824130406
3/1/21,South Dakota,75079.0,207.28,896164.0,8.377819238442964
4/1/21,South Dakota,74061.0,229.74,896164.0,8.264223959007504
5/1/21,South Dakota,73265.0,230.22,896164.0,8.17540093107958
6/1/21,South Dakota,73238.0,229.96,896164.0,8.172388089680013
7/1/21,South Dakota,73168.0,221.94,896164.0,8.164577019384843
8/1/21,South Dakota,72331.0,150.62,896164.0,8.071178935998322
9/1/21,South Dakota,72014.0,154.76,896164.0,8.035805946233056
10/1/20,Tennessee,876025.0,245.47,6925619.0,12.649049853883096
11/1/20,Tennessee,882253.0,251.26,6925619.0,12.738976833695299
12/1/20,Tennessee,911949.0,249.06,6925619.0,13.167761610911603
1/1/21,Tennessee,912733.0,295.95,6968351.0,13.098263850371486
2/1/21,Tennessee,900498.0,297.02,6968351.0,12.922684290731048
3/1/21,Tennessee,911672.0,273.51,6968351.0,13.083037866490937
4/1/21,Tennessee,900984.0,290.42,6968351.0,12.929658681085382
5/1/21,Tennessee,873741.0,323.99,6968351.0,12.538705355111993
6/1/21,Tennessee,874394.0,322.26,6968351.0,12.548076295238285
7/1/21,Tennessee,856009.0,328.99,6968351.0,12.28424056136093
8/1/21,Tennessee,836382.0,336.18,6968351.0,12.00258138546695
9/1/21,Tennessee,839487.0,303.41,6968351.0,12.047139990508516
10/1/20,Texas,3747996.0,184.19,29232474.0,12.821343824679362
11/1/20,Texas,3674212.0,185.41,29232474.0,12.568939597791143
12/1/20,Texas,3644422.0,184.73,29232474.0,12.467032383232429
1/1/21,Texas,3514348.0,210.41,29558864.0,11.88932023909985
2/1/21,Texas,3396209.0,219.84,29558864.0,11.489646557459041
3/1/21,Texas,3392447.0,230.39,29558864.0,11.476919410705364
4/1/21,Texas,3499514.0,230.0,29558864.0,11.839135631193406
5/1/21,Texas,3436958.0,224.18,29558864.0,11.627503682144212
6/1/21,Texas,3159949.0,221.11,29558864.0,10.690360089616433
7/1/21,Texas,3136496.0,227.7,29558864.0,10.611016715662686
8/1/21,Texas,3153203.0,227.46,29558864.0,10.66753783230641
9/1/21,Texas,3144868.0,233.38,29558864.0,10.639339860963535
10/1/20,Utah,165353.0,124.57,3283785.0,5.035439287285861
11/1/20,Utah,166030.0,241.45,3283785.0,5.056055740555488
12/1/20,Utah,167695.0,181.44,3283785.0,5.106759425480048
1/1/21,Utah,168705.0,209.14,3339113.0,5.052389661565812
2/1/21,Utah,163367.0,209.92,3339113.0,4.892526847698775
3/1/21,Utah,163823.0,210.8,3339113.0,4.906183169003265
4/1/21,Utah,163361.0,225.93,3339113.0,4.892347159260558
5/1/21,Utah,160205.0,232.24,3339113.0,4.797831040758429
6/1/21,Utah,158535.0,227.93,3339113.0,4.747817758788037
7/1/21,Utah,158419.0,228.82,3339113.0,4.744343782315843
8/1/21,Utah,157110.0,229.73,3339113.0,4.705141754711506
9/1/21,Utah,163514.0,214.92,3339113.0,4.896929214435091
10/1/20,Vermont,68247.0,174.38,642893.0,10.615607884982415
11/1/20,Vermont,68319.0,176.08,642893.0,10.626807260306146
12/1/20,Vermont,69642.0,174.66,642893.0,10.832595781879723
1/1/21,Vermont,69726.0,207.65,646972.0,10.777282478994454
2/1/21,Vermont,69817.0,206.92,646972.0,10.791348002695635
3/1/21,Vermont,69295.0,206.14,646972.0,10.710664449156997
4/1/21,Vermont,68320.0,206.79,646972.0,10.559962409501493
5/1/21,Vermont,67299.0,231.44,646972.0,10.402150324898141
6/1/21,Vermont,65969.0,215.31,646972.0,10.196577286188583
7/1/21,Vermont,65991.0,226.72,646972.0,10.199977742467988
8/1/21,Vermont,65226.0,234.79,646972.0,10.081734603661365
9/1/21,Vermont,65624.0,241.82,646972.0,10.143251949079712
10/1/20,Virginia,766549.0,184.24,8636471.0,8.875720187099569
11/1/20,Virginia,758435.0,185.17,8636471.0,8.781769776104152
12/1/20,Virginia,759082.0,184.15,8636471.0,8.789261261920522
1/1/21,Virginia,753264.0,210.78,8657365.0,8.700846042646926
2/1/21,Virginia,758962.0,213.88,8657365.0,8.766662835631859
3/1/21,Virginia,759165.0,210.34,8657365.0,8.76900765995196
4/1/21,Virginia,751227.0,228.62,8657365.0,8.677316943434867
5/1/21,Virginia,747502.0,205.11,8657365.0,8.63428999470393
6/1/21,Virginia,748319.0,208.34,8657365.0,8.643727046277938
7/1/21,Virginia,753638.0,227.17,8657365.0,8.705166063808099
8/1/21,Virginia,732956.0,238.9,8657365.0,8.466271203766967
9/1/21,Virginia,720317.0,239.21,8657365.0,8.320279900408496
10/1/20,Washington,936301.0,182.08,7724031.0,12.121921830712488
11/1/20,Washington,929584.0,181.63,7724031.0,12.034959466112966
12/1/20,Washington,960448.0,181.9,7724031.0,12.434543569283967
1/1/21,Washington,976504.0,182.12,7740745.0,12.61511650364403
2/1/21,Washington,1016987.0,224.02,7740745.0,13.138102340278618
3/1/21,Washington,961819.0,205.85,7740745.0,12.425406081714357
4/1/21,Washington,953349.0,222.52,7740745.0,12.315985089290502
5/1/21,Washington,914078.0,234.19,7740745.0,11.808656660308536
6/1/21,Washington,894680.0,235.9,7740745.0,11.558060625947503
7/1/21,Washington,883293.0,235.15,7740745.0,11.410955922201287
8/1/21,Washington,862820.0,230.34,7740745.0,11.146472335673117
9/1/21,Washington,846119.0,234.31,7740745.0,10.930717908935122
10/1/20,West Virginia,303249.0,184.51,1791420.0,16.927856114144088
11/1/20,West Virginia,303358.0,184.32,1791420.0,16.93394067276239
12/1/20,West Virginia,304116.0,184.72,1791420.0,16.97625347489701
1/1/21,West Virginia,304249.0,210.01,1785526.0,17.039740670256272
2/1/21,West Virginia,308458.0,209.95,1785526.0,17.27546952550677
3/1/21,West Virginia,303737.0,216.5,1785526.0,17.011065646761793
4/1/21,West Virginia,305271.0,230.06,1785526.0,17.0969787054347
5/1/21,West Virginia,300027.0,226.78,1785526.0,16.803283738237358
6/1/21,West Virginia,300801.0,215.03,1785526.0,16.846632308910653
7/1/21,West Virginia,298499.0,229.54,1785526.0,16.717706714996027
8/1/21,West Virginia,297141.0,231.22,1785526.0,16.64165069564935
9/1/21,West Virginia,300420.0,231.89,1785526.0,16.825294059005582
10/1/20,Wisconsin,703029.0,183.47,5896271.0,11.923281680913242
11/1/20,Wisconsin,721732.0,182.68,5896271.0,12.240482162370082
12/1/20,Wisconsin,738300.0,182.73,5896271.0,12.52147331762736
1/1/21,Wisconsin,757139.0,210.73,5880101.0,12.876292431031372
2/1/21,Wisconsin,757280.0,213.84,5880101.0,12.878690349026318
3/1/21,Wisconsin,769699.0,213.34,5880101.0,13.089894204198194
4/1/21,Wisconsin,789604.0,229.7,5880101.0,13.428408797740039
5/1/21,Wisconsin,790292.0,229.73,5880101.0,13.440109277034527
6/1/21,Wisconsin,790890.0,229.85,5880101.0,13.450279170374795
7/1/21,Wisconsin,788566.0,229.58,5880101.0,13.410756039734691
8/1/21,Wisconsin,777136.0,230.94,5880101.0,13.216371623548643
9/1/21,Wisconsin,765074.0,231.83,5880101.0,13.011239092661844
10/1/20,Wyoming,28538.0,185.6,577605.0,4.940746704062464
11/1/20,Wyoming,21466.0,250.07,577605.0,3.716380571497823
12/1/20,Wyoming,30038.0,183.51,577605.0,5.200439746885848
1/1/21,Wyoming,30038.0,212.7,579483.0,5.183586058607414
2/1/21,Wyoming,30661.0,212.66,579483.0,5.291095683566213
3/1/21,Wyoming,30480.0,210.46,579483.0,5.259860945014781
4/1/21,Wyoming,29916.0,225.04,579483.0,5.1625328094180505
5/1/21,Wyoming,29880.0,225.85,579483.0,5.156320375231025
6/1/21,Wyoming,29666.0,223.78,579483.0,5.119390905341485
7/1/21,Wyoming,29489.0,227.16,579483.0,5.0888464372552775
8/1/21,Wyoming,29413.0,144.75,579483.0,5.0757312984160015
9/1/21,Wyoming,29831.0,225.84,579483.0,5.1478645620320185
10/1/21,Alabama,763817.0,248.35,5049846.0,15.12555036331801
11/1/21,Alabama,764815.0,248.06,5049846.0,15.145313342228652
12/1/21,Alabama,763238.0,247.58,5049846.0,15.114084667136385
1/1/22,Alabama,753604.0,239.71,5074296.0,14.851400075990837
2/1/22,Alabama,750939.0,247.85,5074296.0,14.79888047524228
3/1/22,Alabama,752652.0,212.98,5074296.0,14.832638852759084
4/1/22,Alabama,752203.0,244.56,5074296.0,14.82379033465923
5/1/22,Alabama,756709.0,219.32,5074296.0,14.912590830333903
6/1/22,Alabama,761205.0,243.23,5074296.0,15.00119425433597
7/1/22,Alabama,765005.0,245.38,5074296.0,15.076081489924908
8/1/22,Alabama,774318.0,247.5,5074296.0,15.259614338619585
9/1/22,Alabama,774378.0,196.32,5074296.0,15.260796768655199
10/1/21,Arizona,786744.0,238.57,7264877.0,10.82941941067963
11/1/21,Arizona,770978.0,237.49,7264877.0,10.61240266008633
12/1/21,Arizona,781094.0,238.14,7264877.0,10.751647963207086
1/1/22,Arizona,781330.0,223.21,7359197.0,10.617055094462073
2/1/22,Arizona,799080.0,217.51,7359197.0,10.858249887861406
3/1/22,Arizona,816207.0,213.86,7359197.0,11.0909790837234
4/1/22,Arizona,831414.0,226.26,7359197.0,11.297618476581073
5/1/22,Arizona,840737.0,149.73,7359197.0,11.424303493981748
6/1/22,Arizona,839147.0,127.2,7359197.0,11.402697875868792
7/1/22,Arizona,865244.0,154.33,7359197.0,11.757315370141606
8/1/22,Arizona,884668.0,154.82,7359197.0,12.021257210535333
9/1/22,Arizona,911352.0,155.38,7359197.0,12.383851118539155
10/1/21,Arkansas,324286.0,149.83,3028122.0,10.709145800598522
11/1/21,Arkansas,319455.0,151.52,3028122.0,10.549607974843815
12/1/21,Arkansas,314293.0,153.14,3028122.0,10.379139281706616
1/1/22,Arkansas,309537.0,148.25,3045637.0,10.163292605126612
2/1/22,Arkansas,304315.0,148.22,3045637.0,9.991834220558786
3/1/22,Arkansas,306489.0,150.78,3045637.0,10.063215018730071
4/1/22,Arkansas,305297.0,149.11,3045637.0,10.024077064994943
5/1/22,Arkansas,295010.0,150.32,3045637.0,9.686315210906619
6/1/22,Arkansas,190976.0,222.48,3045637.0,6.270478064194782
7/1/22,Arkansas,235309.0,166.43,3045637.0,7.726101304915852
8/1/22,Arkansas,238828.0,85.32,3045637.0,7.841643636454378
9/1/22,Arkansas,229553.0,154.08,3045637.0,7.537109642416348
10/1/21,California,4488318.0,260.41,39142991.0,11.466466627448066
11/1/21,California,4528129.0,258.93,39142991.0,11.568173213947805
12/1/21,California,4465861.0,264.65,39142991.0,11.409094925832315
1/1/22,California,4470515.0,262.65,39029342.0,11.454241273142653
2/1/22,California,4489949.0,260.04,39029342.0,11.504034579932195
3/1/22,California,4572651.0,259.2,39029342.0,11.715931567588303
4/1/22,California,4612800.0,259.04,39029342.0,11.818800327199982
5/1/22,California,4669304.0,258.43,39029342.0,11.963573457118493
6/1/22,California,4741370.0,257.69,39029342.0,12.148219152656994
7/1/22,California,4896195.0,254.44,39029342.0,12.544907879820263
8/1/22,California,4553236.0,277.12,39029342.0,11.666186942121648
9/1/22,California,5044603.0,246.54,39029342.0,12.925155130721908
10/1/21,Colorado,504963.0,246.88,5811297.0,8.689333895686282
11/1/21,Colorado,512732.0,245.88,5811297.0,8.823021779819548
12/1/21,Colorado,559785.0,227.53,5811297.0,9.632703336277599
1/1/22,Colorado,515705.0,242.22,5839926.0,8.830676964057421
2/1/22,Colorado,521159.0,226.74,5839926.0,8.924068558402967
3/1/22,Colorado,532046.0,228.76,5839926.0,9.110492153496466
4/1/22,Colorado,541308.0,211.88,5839926.0,9.26909005353835
5/1/22,Colorado,535919.0,237.49,5839926.0,9.17681148699487
6/1/22,Colorado,542173.0,241.31,5839926.0,9.283901885058132
7/1/22,Colorado,543840.0,241.55,5839926.0,9.312446767304928
8/1/22,Colorado,601114.0,226.4,5839926.0,10.293178372465679
9/1/22,Colorado,572893.0,158.45,5839926.0,9.809935947818516
10/1/21,Connecticut,369252.0,261.4,3623355.0,10.190886623033073
11/1/21,Connecticut,365484.0,258.85,3623355.0,10.086894604586082
12/1/21,Connecticut,368265.0,266.35,3623355.0,10.16364667552586
1/1/22,Connecticut,369521.0,258.75,3626205.0,10.190295363885935
2/1/22,Connecticut,373068.0,259.87,3626205.0,10.288111124440015
3/1/22,Connecticut,374648.0,259.7,3626205.0,10.331682847494832
4/1/22,Connecticut,376639.0,237.46,3626205.0,10.386588733951886
5/1/22,Connecticut,378366.0,257.42,3626205.0,10.434214281873198
6/1/22,Connecticut,380397.0,257.5,3626205.0,10.490223249926576
7/1/22,Connecticut,381393.0,246.07,3626205.0,10.517689981675057
8/1/22,Connecticut,383809.0,213.11,3626205.0,10.58431611009306
9/1/22,Connecticut,383490.0,198.21,3626205.0,10.57551903436237
10/1/21,Florida,3043731.0,155.17,21828069.0,13.944114800076909
11/1/21,Florida,2974930.0,155.53,21828069.0,13.628919718001626
12/1/21,Florida,2903034.0,155.55,21828069.0,13.299545644646807
1/1/22,Florida,2791040.0,148.64,22244823.0,12.54691934388509
2/1/22,Florida,2760132.0,137.93,22244823.0,12.407974655496247
3/1/22,Florida,2781226.0,143.76,22244823.0,12.50280121356776
4/1/22,Florida,2786261.0,157.15,22244823.0,12.52543569350945
5/1/22,Florida,2797922.0,144.6,22244823.0,12.577856879328733
6/1/22,Florida,2835905.0,153.68,22244823.0,12.748606720763748
7/1/22,Florida,2841401.0,152.53,22244823.0,12.773313593009933
8/1/22,Florida,2834015.0,109.45,22244823.0,12.740110361858129
9/1/22,Florida,2815431.0,131.95,22244823.0,12.656567328047519
10/1/21,Georgia,1588342.0,264.09,10788029.0,14.723189935807552
11/1/21,Georgia,1603834.0,244.49,10788029.0,14.866793554225707
12/1/21,Georgia,1624871.0,241.29,10788029.0,15.061796737847107
1/1/22,Georgia,1604288.0,215.95,10912876.0,14.700872620563086
2/1/22,Georgia,1615215.0,242.59,10912876.0,14.801002045656892
3/1/22,Georgia,1619056.0,239.76,10912876.0,14.836199000153579
4/1/22,Georgia,1607936.0,258.42,10912876.0,14.73430102202206
5/1/22,Georgia,1593122.0,243.92,10912876.0,14.598553122018432
6/1/22,Georgia,1588857.0,161.67,10912876.0,14.559470848931117
7/1/22,Georgia,1636607.0,159.29,10912876.0,14.99702736473868
8/1/22,Georgia,1619121.0,152.01,10912876.0,14.836794626824313
9/1/22,Georgia,1597184.0,122.41,10912876.0,14.635775207195609
10/1/21,Illinois,1883995.0,249.71,12686469.0,14.850428436785682
11/1/21,Illinois,1918174.0,243.4,12686469.0,15.119841462585057
12/1/21,Illinois,1949042.0,248.39,12686469.0,15.363155815853883
1/1/22,Illinois,1965546.0,245.55,12582032.0,15.621848680721842
2/1/22,Illinois,1988757.0,245.63,12582032.0,15.806326037002608
3/1/22,Illinois,2010324.0,233.87,12582032.0,15.97773714134569
4/1/22,Illinois,2003747.0,230.36,12582032.0,15.925464185753144
5/1/22,Illinois,2003952.0,236.83,12582032.0,15.927093493324449
6/1/22,Illinois,2010682.0,238.44,12582032.0,15.980582468714116
7/1/22,Illinois,2012328.0,237.92,12582032.0,15.99366461633542
8/1/22,Illinois,2015218.0,218.68,12582032.0,16.016633879169913
9/1/22,Illinois,2018799.0,238.25,12582032.0,16.045095100695978
10/1/21,Indiana,624284.0,244.75,6813532.0,9.162413855251579
11/1/21,Indiana,624002.0,225.58,6813532.0,9.158275032684957
12/1/21,Indiana,614553.0,244.31,6813532.0,9.01959512335159
1/1/22,Indiana,608495.0,246.67,6833037.0,8.905191059261059
2/1/22,Indiana,618584.0,214.31,6833037.0,9.05284136468162
3/1/22,Indiana,625513.0,163.5,6833037.0,9.15424576216988
4/1/22,Indiana,625128.0,226.23,6833037.0,9.148611371488256
5/1/22,Indiana,621490.0,243.51,6833037.0,9.095370038242146
6/1/22,Indiana,617191.0,167.01,6833037.0,9.03245511476083
7/1/22,Indiana,615289.0,163.17,6833037.0,9.004619761315503
8/1/22,Indiana,614575.0,164.72,6833037.0,8.99417052768776
9/1/22,Indiana,602455.0,161.86,6833037.0,8.816796982074003
10/1/21,Kentucky,519712.0,226.87,4506589.0,11.53226974991507
11/1/21,Kentucky,528388.0,204.91,4506589.0,11.724787860619196
12/1/21,Kentucky,533908.0,218.95,4506589.0,11.847275178632886
1/1/22,Kentucky,531692.0,242.92,4512310.0,11.783144331838903
2/1/22,Kentucky,543989.0,241.94,4512310.0,12.055665501705334
3/1/22,Kentucky,543483.0,210.15,4512310.0,12.044451733147767
4/1/22,Kentucky,548412.0,246.02,4512310.0,12.153686249393326
5/1/22,Kentucky,543444.0,153.43,4512310.0,12.043587430828111
6/1/22,Kentucky,547582.0,147.63,4512310.0,12.135292123103245
7/1/22,Kentucky,547431.0,146.7,4512310.0,12.131945721814326
8/1/22,Kentucky,559402.0,149.36,4512310.0,12.397242210752363
9/1/22,Kentucky,552037.0,152.91,4512310.0,12.23402204192531
10/1/21,Louisiana,906353.0,266.43,4627098.0,19.587936110279056
11/1/21,Louisiana,861821.0,249.49,4627098.0,18.625518629603263
12/1/21,Louisiana,880904.0,247.91,4627098.0,19.03793695313996
1/1/22,Louisiana,847396.0,245.71,4590241.0,18.460817198922673
2/1/22,Louisiana,818504.0,248.59,4590241.0,17.83139490933047
3/1/22,Louisiana,774366.0,232.83,4590241.0,16.86983319612195
4/1/22,Louisiana,774444.0,235.02,4590241.0,16.871532453306916
5/1/22,Louisiana,775559.0,216.14,4590241.0,16.8958231169126
6/1/22,Louisiana,791429.0,220.47,4590241.0,17.24155659800869
7/1/22,Louisiana,798669.0,245.11,4590241.0,17.399282521331667
8/1/22,Louisiana,801103.0,241.29,4590241.0,17.452308059642185
9/1/22,Louisiana,841236.0,247.91,4590241.0,18.326619452006987
10/1/21,Maine,163217.0,245.26,1377238.0,11.851038092181598
11/1/21,Maine,154008.0,258.32,1377238.0,11.182380968285802
12/1/21,Maine,159225.0,253.78,1377238.0,11.561182598795561
1/1/22,Maine,158568.0,250.3,1385340.0,11.446143185066482
2/1/22,Maine,159719.0,251.8,1385340.0,11.529227482062165
3/1/22,Maine,161066.0,254.0,1385340.0,11.626459930414194
4/1/22,Maine,161581.0,254.25,1385340.0,11.66363491994745
5/1/22,Maine,163275.0,253.31,1385340.0,11.785915370955866
6/1/22,Maine,164604.0,234.04,1385340.0,11.881848499285375
7/1/22,Maine,164604.0,239.67,1385340.0,11.881848499285375
8/1/22,Maine,166683.0,246.67,1385340.0,12.031919961886613
9/1/22,Maine,165233.0,199.17,1385340.0,11.927252515627933
10/1/21,Maryland,864649.0,242.26,6174610.0,14.003297374247117
11/1/21,Maryland,871002.0,241.59,6174610.0,14.10618646359851
12/1/21,Maryland,881719.0,210.63,6174610.0,14.279752081507983
1/1/22,Maryland,871410.0,248.86,6164660.0,14.135572764759127
2/1/22,Maryland,881093.0,215.3,6164660.0,14.292645498697414
3/1/22,Maryland,859848.0,225.55,6164660.0,13.948019842132414
4/1/22,Maryland,763047.0,198.96,6164660.0,12.377762926098114
5/1/22,Maryland,701036.0,218.78,6164660.0,11.371851813400902
6/1/22,Maryland,657523.0,253.06,6164660.0,10.666005911112697
7/1/22,Maryland,618938.0,188.43,6164660.0,10.04009953509196
8/1/22,Maryland,662640.0,247.38,6164660.0,10.749011299893263
9/1/22,Maryland,639869.0,248.44,6164660.0,10.379631642296575
10/1/21,Massachusetts,981368.0,282.62,6989690.0,14.040222098548005
11/1/21,Massachusetts,988831.0,258.83,6989690.0,14.146993643494918
12/1/21,Massachusetts,996444.0,254.08,6989690.0,14.255911206362516
1/1/22,Massachusetts,1009432.0,254.73,6981974.0,14.457687754208193
2/1/22,Massachusetts,1018183.0,250.89,6981974.0,14.583024800722546
3/1/22,Massachusetts,1031670.0,258.7,6981974.0,14.77619366671947
4/1/22,Massachusetts,1032580.0,267.55,6981974.0,14.78922723000687
5/1/22,Massachusetts,1037812.0,239.69,6981974.0,14.864163057610927
6/1/22,Massachusetts,1041662.0,230.27,6981974.0,14.919305056134554
7/1/22,Massachusetts,1046946.0,255.95,6981974.0,14.994985658783605
8/1/22,Massachusetts,1050682.0,254.95,6981974.0,15.048494881247052
9/1/22,Massachusetts,1057692.0,254.59,6981974.0,15.14889628635111
10/1/21,Michigan,1332844.0,236.91,10037504.0,13.278639789334083
11/1/21,Michigan,1329643.0,242.87,10037504.0,13.246749391083679
12/1/21,Michigan,1329628.0,241.62,10037504.0,13.246599951541738
1/1/22,Michigan,1311252.0,249.58,10034113.0,13.067941331735053
2/1/22,Michigan,1345633.0,243.89,10034113.0,13.410582479986024
3/1/22,Michigan,1360482.0,243.06,10034113.0,13.55856765814776
4/1/22,Michigan,1348861.0,244.03,10034113.0,13.442752737586272
5/1/22,Michigan,1350305.0,245.24,10034113.0,13.457143645880807
6/1/22,Michigan,1353650.0,245.23,10034113.0,13.49047992582902
7/1/22,Michigan,1387346.0,239.84,10034113.0,13.826294362042763
8/1/22,Michigan,1376870.0,244.68,10034113.0,13.721890514886567
9/1/22,Michigan,1365336.0,244.23,10034113.0,13.606942636583822
10/1/21,Minnesota,433511.0,317.32,5711471.0,7.590181233521101
11/1/21,Minnesota,430741.0,319.39,5711471.0,7.541682344180685
12/1/21,Minnesota,423724.0,320.14,5711471.0,7.418824327393065
1/1/22,Minnesota,428739.0,314.04,5717184.0,7.499128941800719
2/1/22,Minnesota,432607.0,345.48,5717184.0,7.5667846268372685
3/1/22,Minnesota,438521.0,316.21,5717184.0,7.670227160784051
4/1/22,Minnesota,436853.0,327.3,5717184.0,7.641051958446676
5/1/22,Minnesota,437306.0,312.27,5717184.0,7.648975439657006
6/1/22,Minnesota,439503.0,340.34,5717184.0,7.687403448970683
7/1/22,Minnesota,440315.0,225.84,5717184.0,7.7016062453123775
8/1/22,Minnesota,442403.0,223.68,5717184.0,7.738127721619595
9/1/22,Minnesota,446696.0,217.36,5717184.0,7.813217136268484
10/1/21,Missouri,675781.0,165.1,6169823.0,10.953004648593646
11/1/21,Missouri,661436.0,167.84,6169823.0,10.720502030609307
12/1/21,Missouri,656356.0,170.73,6169823.0,10.638165795031721
1/1/22,Missouri,641804.0,156.34,6177957.0,10.388612287201092
2/1/22,Missouri,640799.0,163.98,6177957.0,10.372344773523027
3/1/22,Missouri,662058.0,164.5,6177957.0,10.716455294201626
4/1/22,Missouri,646945.0,163.42,6177957.0,10.471827498961227
5/1/22,Missouri,647541.0,162.87,6177957.0,10.481474701102647
6/1/22,Missouri,656973.0,159.87,6177957.0,10.634146530964848
7/1/22,Missouri,663821.0,163.04,6177957.0,10.744992236106532
8/1/22,Missouri,670652.0,169.48,6177957.0,10.855562769375055
9/1/22,Missouri,670276.0,165.95,6177957.0,10.849476615003956
10/1/21,Nevada,445002.0,233.22,3146402.0,14.14320229900693
11/1/21,Nevada,439595.0,244.28,3146402.0,13.97135521780116
12/1/21,Nevada,436116.0,236.67,3146402.0,13.860784476999443
1/1/22,Nevada,439091.0,245.49,3177772.0,13.817574073910905
2/1/22,Nevada,448298.0,236.86,3177772.0,14.107305369925847
3/1/22,Nevada,452466.0,234.52,3177772.0,14.238466447561374
4/1/22,Nevada,457087.0,237.8,3177772.0,14.383882795870818
5/1/22,Nevada,461638.0,223.92,3177772.0,14.527096342972373
6/1/22,Nevada,469249.0,233.43,3177772.0,14.766603771447418
7/1/22,Nevada,467604.0,229.47,3177772.0,14.714837943061996
8/1/22,Nevada,474358.0,234.06,3177772.0,14.927376791034725
9/1/22,Nevada,472270.0,226.05,3177772.0,14.861670377862227
10/1/21,New Hampshire,68794.0,245.61,1387505.0,4.958108259069337
11/1/21,New Hampshire,68860.0,246.93,1387505.0,4.962864998684689
12/1/21,New Hampshire,68860.0,245.41,1387505.0,4.962864998684689
1/1/22,New Hampshire,68778.0,240.08,1395231.0,4.929506296806766
2/1/22,New Hampshire,67569.0,243.71,1395231.0,4.842853979018527
3/1/22,New Hampshire,68632.0,241.46,1395231.0,4.919042079770303
4/1/22,New Hampshire,69214.0,228.27,1395231.0,4.960755602477295
5/1/22,New Hampshire,69567.0,244.47,1395231.0,4.986056072435317
6/1/22,New Hampshire,70077.0,237.53,1395231.0,5.0226091593435065
7/1/22,New Hampshire,70247.0,241.01,1395231.0,5.034793521646237
8/1/22,New Hampshire,70851.0,242.81,1395231.0,5.078083844180641
9/1/22,New Hampshire,70668.0,232.7,1395231.0,5.06496773652535
10/1/21,New Mexico,550663.0,248.99,2116677.0,26.0154477986013
11/1/21,New Mexico,555852.0,233.37,2116677.0,26.260596208113
12/1/21,New Mexico,560820.0,241.05,2116677.0,26.495303723714102
1/1/22,New Mexico,565621.0,209.12,2113344.0,26.764265543139214
2/1/22,New Mexico,541122.0,233.21,2113344.0,25.605012719178706
3/1/22,New Mexico,525010.0,249.01,2113344.0,24.84261909088156
4/1/22,New Mexico,499430.0,250.69,2113344.0,23.6322151055389
5/1/22,New Mexico,467651.0,219.83,2113344.0,22.12848452499924
6/1/22,New Mexico,469175.0,253.15,2113344.0,22.200597725689715
7/1/22,New Mexico,484096.0,226.65,2113344.0,22.906635171557493
8/1/22,New Mexico,498944.0,252.92,2113344.0,23.609218376184852
9/1/22,New Mexico,507206.0,250.25,2113344.0,24.00016277520366
10/1/21,New York,2768049.0,259.97,19857492.0,13.939570012164678
11/1/21,New York,2778458.0,270.71,19857492.0,13.991988514964529
12/1/21,New York,2782455.0,264.49,19857492.0,14.012116938030243
1/1/22,New York,2808646.0,263.22,19677151.0,14.273641544957396
2/1/22,New York,2836489.0,262.85,19677151.0,14.415140687795708
3/1/22,New York,2877376.0,273.51,19677151.0,14.622929915006496
4/1/22,New York,2871999.0,261.24,19677151.0,14.595603804636148
5/1/22,New York,2873666.0,260.14,19677151.0,14.604075559515703
6/1/22,New York,2867285.0,260.43,19677151.0,14.571647084478844
7/1/22,New York,2884036.0,262.46,19677151.0,14.656776278232556
8/1/22,New York,2876474.0,235.22,19677151.0,14.61834591806507
9/1/22,New York,2846983.0,190.32,19677151.0,14.468471579041092
10/1/21,North Carolina,1680600.0,247.81,10565885.0,15.905908497016577
11/1/21,North Carolina,1700709.0,247.98,10565885.0,16.09622856958977
12/1/21,North Carolina,1720044.0,247.59,10565885.0,16.279223179127918
1/1/22,North Carolina,1732124.0,245.86,10698973.0,16.1896286680974
2/1/22,North Carolina,1666555.0,246.73,10698973.0,15.576775453120595
3/1/22,North Carolina,1609101.0,244.47,10698973.0,15.039770639667937
4/1/22,North Carolina,1567026.0,246.62,10698973.0,14.646508594796902
5/1/22,North Carolina,1540942.0,247.95,10698973.0,14.402709493705611
6/1/22,North Carolina,1502118.0,248.98,10698973.0,14.039833542901734
7/1/22,North Carolina,1463355.0,248.76,10698973.0,13.677527740279372
8/1/22,North Carolina,1486498.0,247.31,10698973.0,13.893838221668567
9/1/22,North Carolina,1530082.0,241.1,10698973.0,14.301204424013408
10/1/21,Ohio,1495296.0,247.66,11764342.0,12.710409132954481
11/1/21,Ohio,1487222.0,243.81,11764342.0,12.641778010193855
12/1/21,Ohio,1491183.0,246.34,11764342.0,12.67544755159277
1/1/22,Ohio,1485417.0,246.02,11756058.0,12.635332353753274
2/1/22,Ohio,1489166.0,236.37,11756058.0,12.667222295092454
3/1/22,Ohio,1497948.0,240.6,11756058.0,12.74192420622627
4/1/22,Ohio,1498058.0,235.15,11756058.0,12.742859894022299
5/1/22,Ohio,1499146.0,240.93,11756058.0,12.752114696950287
6/1/22,Ohio,1502137.0,228.8,11756058.0,12.777556898749564
7/1/22,Ohio,1492044.0,235.54,11756058.0,12.691703290337628
8/1/22,Ohio,1487242.0,243.12,11756058.0,12.650856264914651
9/1/22,Ohio,1470665.0,238.58,11756058.0,12.509848114053195
10/1/21,Oklahoma,646610.0,226.12,3991225.0,16.200790484124546
11/1/21,Oklahoma,645331.0,235.82,3991225.0,16.168745184749042
12/1/21,Oklahoma,643114.0,240.62,3991225.0,16.11319832883388
1/1/22,Oklahoma,631861.0,234.64,4019800.0,15.718717349121846
2/1/22,Oklahoma,630738.0,240.77,4019800.0,15.69078063585253
3/1/22,Oklahoma,637221.0,239.52,4019800.0,15.852057316284393
4/1/22,Oklahoma,645387.0,236.66,4019800.0,16.055201751330912
5/1/22,Oklahoma,651644.0,237.41,4019800.0,16.210856261505548
6/1/22,Oklahoma,661560.0,237.81,4019800.0,16.457535200756258
7/1/22,Oklahoma,665608.0,237.02,4019800.0,16.558236728195432
8/1/22,Oklahoma,671825.0,236.97,4019800.0,16.71289616398826
9/1/22,Oklahoma,676777.0,170.19,4019800.0,16.83608637245634
10/1/21,Oregon,658538.0,246.99,4256301.0,15.472073051224525
11/1/21,Oregon,644999.0,253.64,4256301.0,15.15397994643706
12/1/21,Oregon,652384.0,257.94,4256301.0,15.327487412191948
1/1/22,Oregon,704121.0,246.26,4240137.0,16.606090793764448
2/1/22,Oregon,723818.0,245.67,4240137.0,17.070627670756867
3/1/22,Oregon,741936.0,240.77,4240137.0,17.49792518496454
4/1/22,Oregon,749776.0,245.95,4240137.0,17.68282487098884
5/1/22,Oregon,756301.0,245.12,4240137.0,17.83671140814554
6/1/22,Oregon,762374.0,245.26,4240137.0,17.97993791238349
7/1/22,Oregon,752959.0,244.45,4240137.0,17.75789320014896
8/1/22,Oregon,743363.0,224.86,4240137.0,17.531579757918202
9/1/22,Oregon,732387.0,221.19,4240137.0,17.272720197484183
10/1/21,Pennsylvania,1813453.0,248.12,13012059.0,13.936710554417253
11/1/21,Pennsylvania,1839082.0,197.96,13012059.0,14.133674001939278
12/1/21,Pennsylvania,1852459.0,205.12,13012059.0,14.236478638776537
1/1/22,Pennsylvania,1847074.0,222.58,12972008.0,14.238921221756879
2/1/22,Pennsylvania,1856520.0,225.17,12972008.0,14.31173955489389
3/1/22,Pennsylvania,1859781.0,205.7,12972008.0,14.336878299797535
4/1/22,Pennsylvania,1861373.0,240.44,12972008.0,14.349150879339575
5/1/22,Pennsylvania,1842970.0,247.34,12972008.0,14.207283868465082
6/1/22,Pennsylvania,1831448.0,213.93,12972008.0,14.118461844920233
7/1/22,Pennsylvania,1836107.0,214.81,12972008.0,14.154377641456897
8/1/22,Pennsylvania,1836059.0,250.82,12972008.0,14.154007613933018
9/1/22,Pennsylvania,1871300.0,246.7,12972008.0,14.425677196622141
10/1/21,Rhode Island,139432.0,258.96,1096985.0,12.71047461906954
11/1/21,Rhode Island,138760.0,261.5,1096985.0,12.649215805138631
12/1/21,Rhode Island,138366.0,262.18,1096985.0,12.613299179113662
1/1/22,Rhode Island,138357.0,223.1,1093734.0,12.649967908101969
2/1/22,Rhode Island,138290.0,254.81,1093734.0,12.643842104204495
3/1/22,Rhode Island,138953.0,260.1,1093734.0,12.704460133816815
4/1/22,Rhode Island,139089.0,245.03,1093734.0,12.7168946014296
5/1/22,Rhode Island,139204.0,249.09,1093734.0,12.727409040955113
6/1/22,Rhode Island,140294.0,260.17,1093734.0,12.827067641675216
7/1/22,Rhode Island,140710.0,257.3,1093734.0,12.865102483784904
8/1/22,Rhode Island,140610.0,258.46,1093734.0,12.855959492893154
9/1/22,Rhode Island,140274.0,258.0,1093734.0,12.825239043496865
10/1/21,South Carolina,617939.0,245.11,5193266.0,11.898851320151904
11/1/21,South Carolina,619266.0,243.41,5193266.0,11.924403641176863
12/1/21,South Carolina,614987.0,245.25,5193266.0,11.84200847790196
1/1/22,South Carolina,606722.0,243.05,5282634.0,11.485217412374206
2/1/22,South Carolina,610974.0,246.15,5282634.0,11.565707561795877
3/1/22,South Carolina,619070.0,238.81,5282634.0,11.71896444084523
4/1/22,South Carolina,620434.0,249.21,5282634.0,11.744784893293762
5/1/22,South Carolina,621431.0,220.8,5282634.0,11.7636580539178
6/1/22,South Carolina,628799.0,255.49,5282634.0,11.903133929021015
7/1/22,South Carolina,624133.0,206.72,5282634.0,11.814806780102503
8/1/22,South Carolina,624314.0,155.74,5282634.0,11.81823310113856
9/1/22,South Carolina,619666.0,228.87,5282634.0,11.730246691328606
10/1/21,South Dakota,71785.0,170.3,896164.0,8.010252587696003
11/1/21,South Dakota,71482.0,169.9,896164.0,7.976441811989769
12/1/21,South Dakota,70961.0,171.36,896164.0,7.918305131650011
1/1/22,South Dakota,71522.0,169.8,909824.0,7.861080824423185
2/1/22,South Dakota,71232.0,167.73,909824.0,7.829206527855936
3/1/22,South Dakota,70901.0,169.47,909824.0,7.792825865222285
4/1/22,South Dakota,70014.0,163.43,909824.0,7.695334482273494
5/1/22,South Dakota,70483.0,168.3,909824.0,7.7468829136184585
6/1/22,South Dakota,71098.0,167.53,909824.0,7.814478404614519
7/1/22,South Dakota,71057.0,165.23,909824.0,7.809972038548114
8/1/22,South Dakota,71078.0,165.28,909824.0,7.812280177265054
9/1/22,South Dakota,70534.0,168.28,909824.0,7.752488393359595
10/1/21,Tennessee,831631.0,247.19,6968351.0,11.934401697044251
11/1/21,Tennessee,830547.0,258.81,6968351.0,11.918845649422654
12/1/21,Tennessee,847018.0,256.66,6968351.0,12.155214339805788
1/1/22,Tennessee,838823.0,166.82,7051339.0,11.895939196796522
2/1/22,Tennessee,837855.0,169.73,7051339.0,11.882211307667948
3/1/22,Tennessee,843906.0,161.29,7051339.0,11.968024796425189
4/1/22,Tennessee,828213.0,157.84,7051339.0,11.745471321120712
5/1/22,Tennessee,820910.0,156.18,7051339.0,11.641902339399651
6/1/22,Tennessee,831118.0,161.32,7051339.0,11.786669170210082
7/1/22,Tennessee,800670.0,161.66,7051339.0,11.354864657620348
8/1/22,Tennessee,786502.0,117.88,7051339.0,11.153938280374835
9/1/22,Tennessee,806886.0,160.64,7051339.0,11.44301812747905
10/1/21,Texas,3382376.0,241.82,29558864.0,11.442848412577696
11/1/21,Texas,3482631.0,239.07,29558864.0,11.78201909247933
12/1/21,Texas,3532220.0,237.64,29558864.0,11.949782643879683
1/1/22,Texas,3599788.0,238.03,30029572.0,11.98747687779233
2/1/22,Texas,3493004.0,236.64,30029572.0,11.63188073409771
3/1/22,Texas,3483575.0,243.45,30029572.0,11.600481685186855
4/1/22,Texas,3472171.0,242.68,30029572.0,11.56250578596325
5/1/22,Texas,3369419.0,238.24,30029572.0,11.220336407059014
6/1/22,Texas,3253888.0,238.5,30029572.0,10.835612309093182
7/1/22,Texas,3249595.0,234.54,30029572.0,10.821316401046275
8/1/22,Texas,3453436.0,253.31,30029572.0,11.500117284388867
9/1/22,Texas,3516606.0,228.15,30029572.0,11.710476592873185
10/1/21,Utah,157816.0,248.94,3339113.0,4.7262850942750365
11/1/21,Utah,155719.0,245.17,3339113.0,4.663483985118204
12/1/21,Utah,157493.0,248.34,3339113.0,4.716611866684356
1/1/22,Utah,156330.0,234.15,3380800.0,4.624053478466635
2/1/22,Utah,158491.0,251.86,3380800.0,4.687973260766682
3/1/22,Utah,157443.0,243.79,3380800.0,4.6569746805489824
4/1/22,Utah,155707.0,174.08,3380800.0,4.605625887363937
5/1/22,Utah,155168.0,232.72,3380800.0,4.589682915286323
6/1/22,Utah,155384.0,115.09,3380800.0,4.596071935636536
7/1/22,Utah,155495.0,247.63,3380800.0,4.599355182205396
8/1/22,Utah,155974.0,243.94,3380800.0,4.6135234264079505
9/1/22,Utah,154467.0,244.75,3380800.0,4.568948177946048
10/1/21,Vermont,66655.0,252.55,646972.0,10.302609695628249
11/1/21,Vermont,67693.0,250.31,646972.0,10.463049405538417
12/1/21,Vermont,68634.0,252.47,646972.0,10.608496194580292
1/1/22,Vermont,69992.0,230.88,647064.0,10.816858919674097
2/1/22,Vermont,70103.0,246.88,647064.0,10.834013327893377
3/1/22,Vermont,70030.0,249.28,647064.0,10.822731599965381
4/1/22,Vermont,69855.0,224.19,647064.0,10.795686361781833
5/1/22,Vermont,69736.0,247.42,647064.0,10.77729559981702
6/1/22,Vermont,69754.0,248.78,647064.0,10.78007739574447
7/1/22,Vermont,69900.0,249.09,647064.0,10.80264085160046
8/1/22,Vermont,70475.0,247.76,647064.0,10.891503777060693
9/1/22,Vermont,70970.0,260.92,647064.0,10.96800316506559
10/1/21,Virginia,790650.0,245.13,8657365.0,9.132686446742166
11/1/21,Virginia,748963.0,266.32,8657365.0,8.651165799293434
12/1/21,Virginia,750461.0,268.75,8657365.0,8.668468985655565
1/1/22,Virginia,769620.0,261.17,8683619.0,8.862894606499893
2/1/22,Virginia,778753.0,264.79,8683619.0,8.968069649301748
3/1/22,Virginia,795490.0,179.26,8683619.0,9.160811868876328
4/1/22,Virginia,807333.0,245.9,8683619.0,9.297195098034587
5/1/22,Virginia,812586.0,241.03,8683619.0,9.357688309447939
6/1/22,Virginia,813950.0,247.85,8683619.0,9.373396046049463
7/1/22,Virginia,816061.0,254.04,8683619.0,9.397706186786868
8/1/22,Virginia,825660.0,200.01,8683619.0,9.508247655729713
9/1/22,Virginia,826226.0,255.18,8683619.0,9.514765675463192
10/1/21,Washington,858744.0,249.34,7740745.0,11.093815905316609
11/1/21,Washington,841721.0,249.21,7740745.0,10.87390167225506
12/1/21,Washington,841737.0,225.92,7740745.0,10.87410837070592
1/1/22,Washington,848620.0,236.33,7785786.0,10.89960602564725
2/1/22,Washington,856261.0,245.79,7785786.0,10.997746406078974
3/1/22,Washington,867300.0,240.2,7785786.0,11.139530421206029
4/1/22,Washington,882317.0,217.56,7785786.0,11.332407543695652
5/1/22,Washington,887043.0,232.49,7785786.0,11.393107902015288
6/1/22,Washington,896586.0,246.71,7785786.0,11.515677415228213
7/1/22,Washington,907111.0,247.25,7785786.0,11.650859656301883
8/1/22,Washington,906150.0,249.57,7785786.0,11.638516650727365
9/1/22,Washington,900922.0,249.1,7785786.0,11.571368645375046
10/1/21,West Virginia,299037.0,246.69,1785526.0,16.747837892027334
11/1/21,West Virginia,305209.0,236.86,1785526.0,17.09350633930842
12/1/21,West Virginia,303347.0,246.17,1785526.0,16.989223343709362
1/1/22,West Virginia,304430.0,245.71,1775156.0,17.14947869370354
2/1/22,West Virginia,304659.0,238.24,1775156.0,17.162378968383624
3/1/22,West Virginia,313719.0,233.77,1775156.0,17.672756647866443
4/1/22,West Virginia,312813.0,231.49,1775156.0,17.62171887991816
5/1/22,West Virginia,308015.0,237.51,1775156.0,17.351432775485648
6/1/22,West Virginia,317164.0,208.1,1775156.0,17.866824098839764
7/1/22,West Virginia,314653.0,238.76,1775156.0,17.72537174197648
8/1/22,West Virginia,323586.0,238.05,1775156.0,18.228595120654184
9/1/22,West Virginia,323913.0,245.42,1775156.0,18.24701603690042
10/1/21,Wisconsin,753320.0,245.7,5880101.0,12.8113445670406
11/1/21,Wisconsin,736763.0,245.72,5880101.0,12.52976777099577
12/1/21,Wisconsin,729235.0,245.17,5880101.0,12.401742759180497
1/1/22,Wisconsin,710787.0,247.06,5892539.0,12.062491228314313
2/1/22,Wisconsin,714211.0,244.02,5892539.0,12.120598607832719
3/1/22,Wisconsin,696998.0,245.32,5892539.0,11.828483443215225
4/1/22,Wisconsin,698385.0,243.54,5892539.0,11.852021683691868
5/1/22,Wisconsin,691724.0,243.88,5892539.0,11.738980429319177
6/1/22,Wisconsin,691309.0,241.9,5892539.0,11.73193762485068
7/1/22,Wisconsin,688670.0,241.76,5892539.0,11.687152176676301
8/1/22,Wisconsin,695036.0,241.77,5892539.0,11.795187100161748
9/1/22,Wisconsin,692414.0,241.88,5892539.0,11.75069015241138
10/1/21,Wyoming,30074.0,241.38,579483.0,5.189798492794439
11/1/21,Wyoming,30370.0,241.12,579483.0,5.240878507221092
12/1/21,Wyoming,30218.0,240.69,579483.0,5.214648229542541
1/1/22,Wyoming,30370.0,236.16,581381.0,5.22376892261701
2/1/22,Wyoming,30421.0,241.44,581381.0,5.232541139115313
3/1/22,Wyoming,30714.0,242.74,581381.0,5.282938382919291
4/1/22,Wyoming,31324.0,235.78,581381.0,5.3878609724088
5/1/22,Wyoming,30412.0,156.55,581381.0,5.23099310090973
6/1/22,Wyoming,30261.0,153.45,581381.0,5.205020459904951
7/1/22,Wyoming,29745.0,137.65,581381.0,5.116266269451531
8/1/22,Wyoming,28615.0,5.28,581381.0,4.921901472528342
9/1/22,Wyoming,29607.0,125.08,581381.0,5.092529683632592
10/1/22,Alabama,775879.0,195.58,5074296.0,15.29037722671283
11/1/22,Alabama,780872.0,275.49,5074296.0,15.38877511284324
10/1/22,Arizona,875535.0,180.0,7359197.0,11.89715399655696
11/1/22,Arizona,875379.0,181.06,7359197.0,11.89503420006286
10/1/22,Arkansas,233193.0,206.68,3045637.0,7.656624870265236
11/1/22,Arkansas,265149.0,178.1,3045637.0,8.705863502446286
10/1/22,California,5052731.0,282.76,39029342.0,12.945980488218325
11/1/22,California,5166416.0,280.49,39029342.0,13.237261340455087
10/1/22,Colorado,552462.0,272.88,5839926.0,9.460085624372637
11/1/22,Colorado,554386.0,275.99,5839926.0,9.49303124731375
10/1/22,Connecticut,387527.0,291.34,3626205.0,10.686847544471425
11/1/22,Connecticut,385500.0,292.08,3626205.0,10.630948884577679
10/1/22,Florida,3384172.0,214.07,22244823.0,15.213301539868402
11/1/22,Florida,2869030.0,213.03,22244823.0,12.897517773011725
10/1/22,Georgia,1579073.0,185.56,10912876.0,14.469815289754964
11/1/22,Georgia,1613871.0,187.05,10912876.0,14.788686318803585
10/1/22,Illinois,2032657.0,271.52,12582032.0,16.155236292516186
11/1/22,Illinois,2036869.0,272.99,12582032.0,16.18871260222514
10/1/22,Indiana,599932.0,189.24,6833037.0,8.77987342963312
11/1/22,Indiana,597005.0,193.09,6833037.0,8.737037425671778
10/1/22,Kentucky,549001.0,173.92,4512310.0,12.166739430579902
11/1/22,Kentucky,551185.0,173.51,4512310.0,12.215140360480552
10/1/22,Louisiana,872683.0,278.45,4590241.0,19.011703307081262
11/1/22,Louisiana,896844.0,276.41,4590241.0,19.538059112800397
10/1/22,Maine,167793.0,286.76,1385340.0,12.112044696608775
11/1/22,Maine,168314.0,286.16,1385340.0,12.149652792816203
10/1/22,Maryland,645467.0,279.58,6164660.0,10.470439570065503
11/1/22,Maryland,656507.0,282.53,6164660.0,10.649524872417944
10/1/22,Massachusetts,1061815.0,288.62,6981974.0,15.207948353860957
11/1/22,Massachusetts,1058606.0,289.99,6981974.0,15.16198714002659
10/1/22,Michigan,1406035.0,269.21,10034113.0,14.01254899162487
11/1/22,Michigan,1394717.0,280.84,10034113.0,13.899753769964521
10/1/22,Minnesota,454504.0,253.19,5717184.0,7.949787867593557
11/1/22,Minnesota,458765.0,250.26,5717184.0,8.024317566130458
10/1/22,Missouri,673306.0,193.72,6177957.0,10.898521954749766
11/1/22,Missouri,675463.0,194.65,6177957.0,10.933436409479704
10/1/22,Nevada,476113.0,241.99,3177772.0,14.982604164175402
11/1/22,Nevada,475202.0,261.98,3177772.0,14.953936279884145
10/1/22,New Hampshire,71145.0,278.88,1395231.0,5.099155623692421
11/1/22,New Hampshire,71087.0,278.17,1395231.0,5.094998605965608
10/1/22,New Mexico,513128.0,258.2,2113344.0,24.280382181036313
11/1/22,New Mexico,512984.0,275.73,2113344.0,24.27356833530178
10/1/22,New York,2830123.0,296.87,19677151.0,14.382788443306655
11/1/22,New York,2835706.0,308.74,19677151.0,14.411161453200211
10/1/22,North Carolina,1574428.0,272.47,10698973.0,14.715692805281405
11/1/22,North Carolina,1602051.0,277.55,10698973.0,14.973876464591507
10/1/22,Ohio,1457869.0,271.7,11756058.0,12.40100210461704
11/1/22,Ohio,1448138.0,276.49,11756058.0,12.318227759679308
10/1/22,Oklahoma,684999.0,215.77,4019800.0,17.040623911637397
11/1/22,Oklahoma,690712.0,265.19,4019800.0,17.182745410219415
10/1/22,Oregon,730228.0,273.54,4240137.0,17.221802031396628
11/1/22,Oregon,722168.0,255.12,4240137.0,17.031713833774713
10/1/22,Pennsylvania,1877858.0,279.28,12972008.0,14.476232207072337
11/1/22,Pennsylvania,1892551.0,256.74,12972008.0,14.589499173913554
10/1/22,Rhode Island,139875.0,290.08,1093734.0,12.788758509838772
11/1/22,Rhode Island,141377.0,291.06,1093734.0,12.926086233032894
10/1/22,South Carolina,617348.0,277.14,5282634.0,11.686367066126481
11/1/22,South Carolina,612285.0,278.13,5282634.0,11.59052472686921
10/1/22,South Dakota,70984.0,197.45,909824.0,7.801948508722566
11/1/22,South Dakota,70998.0,197.15,909824.0,7.803487267867191
10/1/22,Tennessee,793906.0,204.09,7051339.0,11.258939614164062
11/1/22,Tennessee,814533.0,201.01,7051339.0,11.551465615254067
10/1/22,Texas,3577166.0,265.81,30029572.0,11.912144468792295
11/1/22,Texas,3626359.0,267.8,30029572.0,12.075959657367077
10/1/22,Utah,154469.0,276.94,3380800.0,4.569007335541884
11/1/22,Utah,157079.0,273.62,3380800.0,4.646207998106957
10/1/22,Vermont,71135.0,257.62,647064.0,10.993502961067222
11/1/22,Vermont,70901.0,274.71,647064.0,10.957339614010362
10/1/22,Virginia,828554.0,286.72,8683619.0,9.541574774296292
11/1/22,Virginia,831064.0,290.43,8683619.0,9.57047977346772
10/1/22,Washington,916801.0,276.88,7785786.0,11.7753172255184
11/1/22,Washington,901738.0,277.48,7785786.0,11.581849282782754
10/1/22,West Virginia,323477.0,266.04,1775156.0,18.222454815238773
11/1/22,West Virginia,323468.0,266.83,1775156.0,18.221947817543924
10/1/22,Wisconsin,700338.0,269.29,5892539.0,11.885165291226754
11/1/22,Wisconsin,704134.0,268.47,5892539.0,11.949585738847041
10/1/22,Wyoming,,,581381.0,
11/1/22,Wyoming,,,581381.0,
